date;GN
17/11/2008;0.8
18/11/2008;0.81
19/11/2008;0.84
20/11/2008;0.82
21/11/2008;0.8
22/11/2008;0.8
23/11/2008;0.84
24/11/2008;0.94
25/11/2008;1.02
26/11/2008;1
27/11/2008;0.96
28/11/2008;0.92
29/11/2008;1.04
30/11/2008;1.1
01/12/2008;1.24
02/12/2008;1.31
03/12/2008;1.23
04/12/2008;1.16
05/12/2008;1.15
06/12/2008;1.12
07/12/2008;1.08
08/12/2008;1.06
09/12/2008;1.04
10/12/2008;1.12
11/12/2008;1.41
12/12/2008;1.32
13/12/2008;1.3
14/12/2008;1.4
15/12/2008;1.43
16/12/2008;1.67
17/12/2008;1.7
18/12/2008;1.68
19/12/2008;1.64
20/12/2008;1.59
21/12/2008;1.55
22/12/2008;1.53
23/12/2008;1.5
24/12/2008;1.48
25/12/2008;1.46
26/12/2008;1.52
27/12/2008;1.42
28/12/2008;1.41
29/12/2008;1.47
30/12/2008;1.45
31/12/2008;1.42
01/01/2009;1.41
02/01/2009;1.4
03/01/2009;1.39
04/01/2009;1.38
05/01/2009;1.37
06/01/2009;1.39
07/01/2009;1.39
08/01/2009;1.37
09/01/2009;1.43
10/01/2009;1.42
11/01/2009;1.4
12/01/2009;1.39
13/01/2009;1.39
14/01/2009;1.41
15/01/2009;1.4
16/01/2009;1.39
17/01/2009;1.38
18/01/2009;1.37
19/01/2009;1.43
20/01/2009;1.45
21/01/2009;1.46
22/01/2009;1.61
23/01/2009;1.62
24/01/2009;1.65
25/01/2009;1.77
26/01/2009;2.02
27/01/2009;2.34
28/01/2009;2.17
29/01/2009;2.1
30/01/2009;2.08
31/01/2009;2.04
01/02/2009;2.08
02/02/2009;2.12
03/02/2009;2.1
04/02/2009;2.1
05/02/2009;2.24
06/02/2009;2.24
07/02/2009;2.26
08/02/2009;2.4
09/02/2009;2.34
10/02/2009;2.4
11/02/2009;2.36
12/02/2009;NA
13/02/2009;NA
14/02/2009;2.4
15/02/2009;2.4
16/02/2009;2.38
17/02/2009;2.39
18/02/2009;NA
19/02/2009;NA
20/02/2009;NA
21/02/2009;NA
22/02/2009;NA
23/02/2009;NA
24/02/2009;NA
25/02/2009;2.4
26/02/2009;2.4
27/02/2009;2.39
28/02/2009;2.38
01/03/2009;2.4
02/03/2009;2.4
03/03/2009;2.4
04/03/2009;2.4
05/03/2009;2.4
06/03/2009;NA
07/03/2009;2.39
08/03/2009;2.4
09/03/2009;2.29
10/03/2009;NA
11/03/2009;NA
12/03/2009;NA
13/03/2009;NA
14/03/2009;NA
15/03/2009;NA
16/03/2009;NA
17/03/2009;NA
18/03/2009;NA
19/03/2009;NA
20/03/2009;NA
21/03/2009;NA
22/03/2009;NA
23/03/2009;2.4
24/03/2009;2.4
25/03/2009;2.4
26/03/2009;2.4
27/03/2009;2.38
28/03/2009;2.4
29/03/2009;NA
30/03/2009;NA
31/03/2009;NA
01/04/2009;NA
02/04/2009;NA
03/04/2009;NA
04/04/2009;NA
05/04/2009;NA
06/04/2009;NA
07/04/2009;NA
08/04/2009;NA
09/04/2009;NA
10/04/2009;NA
11/04/2009;NA
12/04/2009;NA
13/04/2009;NA
14/04/2009;NA
15/04/2009;NA
16/04/2009;NA
17/04/2009;NA
18/04/2009;NA
19/04/2009;2.4
20/04/2009;NA
21/04/2009;NA
22/04/2009;NA
23/04/2009;2.36
24/04/2009;2.4
25/04/2009;2.4
26/04/2009;NA
27/04/2009;NA
28/04/2009;2.37
29/04/2009;NA
30/04/2009;2.39
01/05/2009;NA
02/05/2009;2.38
03/05/2009;2.4
04/05/2009;2.39
05/05/2009;NA
06/05/2009;NA
07/05/2009;NA
08/05/2009;2.4
09/05/2009;2.4
10/05/2009;2.36
11/05/2009;2.26
12/05/2009;2.16
13/05/2009;2.05
14/05/2009;1.98
15/05/2009;2
16/05/2009;1.94
17/05/2009;1.87
18/05/2009;1.8
19/05/2009;1.71
20/05/2009;1.67
21/05/2009;1.59
22/05/2009;1.46
23/05/2009;1.36
24/05/2009;1.25
25/05/2009;1.15
26/05/2009;1.01
27/05/2009;0.98
28/05/2009;0.91
29/05/2009;0.81
30/05/2009;0.73
31/05/2009;0.65
01/06/2009;0.58
02/06/2009;0.49
03/06/2009;0.41
04/06/2009;0.3
05/06/2009;0.23
06/06/2009;0.2
07/06/2009;0.2
08/06/2009;0.22
09/06/2009;0.27
10/06/2009;0.3
11/06/2009;0.29
12/06/2009;0.31
13/06/2009;0.3
14/06/2009;0.3
15/06/2009;0.31
16/06/2009;0.32
17/06/2009;0
18/06/2009;0
19/06/2009;0
20/06/2009;0
21/06/2009;0
22/06/2009;0
23/06/2009;0
24/06/2009;0
25/06/2009;0
26/06/2009;0
27/06/2009;0
28/06/2009;0
29/06/2009;0
30/06/2009;0
01/07/2009;0
02/07/2009;0
03/07/2009;0
04/07/2009;0
05/07/2009;0
06/07/2009;0
07/07/2009;0
08/07/2009;0
09/07/2009;0
10/07/2009;0
11/07/2009;0
12/07/2009;0
13/07/2009;0
14/07/2009;0
15/07/2009;0
16/07/2009;0
17/07/2009;0
18/07/2009;0
19/07/2009;0
20/07/2009;0
21/07/2009;0
22/07/2009;0
23/07/2009;0
24/07/2009;0
25/07/2009;0
26/07/2009;0
27/07/2009;0
28/07/2009;0
29/07/2009;0
30/07/2009;0
31/07/2009;0
01/08/2009;0
02/08/2009;0
03/08/2009;0
04/08/2009;0
05/08/2009;0
06/08/2009;0
07/08/2009;0
08/08/2009;0
09/08/2009;0
10/08/2009;0
11/08/2009;0
12/08/2009;0
13/08/2009;0
14/08/2009;0
15/08/2009;0
16/08/2009;0
17/08/2009;0
18/08/2009;0
19/08/2009;0
20/08/2009;0
21/08/2009;0
22/08/2009;0
23/08/2009;0
24/08/2009;0
25/08/2009;0
26/08/2009;0
27/08/2009;0
28/08/2009;0
29/08/2009;0
30/08/2009;0
31/08/2009;0
01/09/2009;0
02/09/2009;0
03/09/2009;0
04/09/2009;0
05/09/2009;0
06/09/2009;0
07/09/2009;0
08/09/2009;0
09/09/2009;0
10/09/2009;0
11/09/2009;0
12/09/2009;0
13/09/2009;0
14/09/2009;0
15/09/2009;0
16/09/2009;0
17/09/2009;0
18/09/2009;0
19/09/2009;0
20/09/2009;0
21/09/2009;0
22/09/2009;0
23/09/2009;0
24/09/2009;0
25/09/2009;0
26/09/2009;0
27/09/2009;0
28/09/2009;0
29/09/2009;0
30/09/2009;0
01/10/2009;0
02/10/2009;0
03/10/2009;0
04/10/2009;0
05/10/2009;0
06/10/2009;0
07/10/2009;0
08/10/2009;0
09/10/2009;0
10/10/2009;0
11/10/2009;0
12/10/2009;0
13/10/2009;0
14/10/2009;0
15/10/2009;0
16/10/2009;0
17/10/2009;0
18/10/2009;0
19/10/2009;0
20/10/2009;0
21/10/2009;0
22/10/2009;0
23/10/2009;0
24/10/2009;0
25/10/2009;0
26/10/2009;0
27/10/2009;0
28/10/2009;0
29/10/2009;0
30/10/2009;0
31/10/2009;0
01/11/2009;0
02/11/2009;0
03/11/2009;0
04/11/2009;0
05/11/2009;0.05
06/11/2009;0
07/11/2009;0.17
08/11/2009;0.76
09/11/2009;1.02
10/11/2009;1
11/11/2009;0.97
12/11/2009;0.86
13/11/2009;0.8
14/11/2009;0.77
15/11/2009;0.72
16/11/2009;0.64
17/11/2009;0.6
18/11/2009;0.57
19/11/2009;0.54
20/11/2009;0.53
21/11/2009;0.52
22/11/2009;0.51
23/11/2009;0.5
24/11/2009;0.5
25/11/2009;0.49
26/11/2009;0.48
27/11/2009;0.49
28/11/2009;0.51
29/11/2009;0.66
30/11/2009;0.89
01/12/2009;0.96
02/12/2009;0.87
03/12/2009;0.84
04/12/2009;1.53
05/12/2009;1.48
06/12/2009;1.37
07/12/2009;1.31
08/12/2009;1.25
09/12/2009;1.22
10/12/2009;1.19
11/12/2009;1.17
12/12/2009;1.15
13/12/2009;1.13
14/12/2009;1.12
15/12/2009;1.11
16/12/2009;1.1
17/12/2009;1.09
18/12/2009;1.14
19/12/2009;1.18
20/12/2009;1.14
21/12/2009;1.13
22/12/2009;1.14
23/12/2009;1.25
24/12/2009;1.3
25/12/2009;1.29
26/12/2009;1.33
27/12/2009;1.37
28/12/2009;1.37
29/12/2009;1.35
30/12/2009;1.34
31/12/2009;1.53
01/01/2010;1.63
02/01/2010;1.6
03/01/2010;1.54
04/01/2010;1.49
05/01/2010;1.46
06/01/2010;1.44
07/01/2010;1.72
08/01/2010;1.86
09/01/2010;1.78
10/01/2010;1.75
11/01/2010;1.71
12/01/2010;1.71
13/01/2010;1.8
14/01/2010;2.12
15/01/2010;2.34
16/01/2010;2.17
17/01/2010;2.11
18/01/2010;2.06
19/01/2010;2.03
20/01/2010;2.02
21/01/2010;2.03
22/01/2010;1.97
23/01/2010;1.97
24/01/2010;1.96
25/01/2010;1.94
26/01/2010;1.91
27/01/2010;1.92
28/01/2010;1.89
29/01/2010;1.94
30/01/2010;2.27
31/01/2010;2.28
01/02/2010;2.21
02/02/2010;2.16
03/02/2010;2.12
04/02/2010;2.08
05/02/2010;2.11
06/02/2010;2.32
07/02/2010;2.27
08/02/2010;2.26
09/02/2010;2.3
10/02/2010;2.34
11/02/2010;2.37
12/02/2010;2.12
13/02/2010;2.11
14/02/2010;2.1
15/02/2010;2.09
16/02/2010;2.11
17/02/2010;2.12
18/02/2010;2.12
19/02/2010;2.17
20/02/2010;2.15
21/02/2010;2.14
22/02/2010;2.1
23/02/2010;2.09
24/02/2010;2.09
25/02/2010;2.1
26/02/2010;2.1
27/02/2010;2.11
28/02/2010;2.06
01/03/2010;2.05
02/03/2010;2.04
03/03/2010;2.13
04/03/2010;2.14
05/03/2010;2.14
06/03/2010;2.11
07/03/2010;2.19
08/03/2010;2.44
09/03/2010;2.5
10/03/2010;2.5
11/03/2010;2.42
12/03/2010;2.37
13/03/2010;2.33
14/03/2010;2.31
15/03/2010;2.29
16/03/2010;2.27
17/03/2010;2.26
18/03/2010;2.24
19/03/2010;2.23
20/03/2010;2.18
21/03/2010;2.13
22/03/2010;2.12
23/03/2010;2.08
24/03/2010;2.06
25/03/2010;2.07
26/03/2010;2.15
27/03/2010;2.15
28/03/2010;2.13
29/03/2010;2.1
30/03/2010;2.13
31/03/2010;2.13
01/04/2010;2.12
02/04/2010;2.11
03/04/2010;2.11
04/04/2010;2.21
05/04/2010;2.2
06/04/2010;2.15
07/04/2010;2.21
08/04/2010;2.18
09/04/2010;2.15
10/04/2010;2.11
11/04/2010;2.1
12/04/2010;2.13
13/04/2010;2.18
14/04/2010;2.15
15/04/2010;2.18
16/04/2010;2.17
17/04/2010;2.1
18/04/2010;2.08
19/04/2010;2.08
20/04/2010;2.07
21/04/2010;2.04
22/04/2010;2
23/04/2010;1.98
24/04/2010;1.95
25/04/2010;1.89
26/04/2010;1.83
27/04/2010;1.78
28/04/2010;1.74
29/04/2010;1.67
30/04/2010;1.6
01/05/2010;1.54
02/05/2010;1.6
03/05/2010;2.03
04/05/2010;2.66
05/05/2010;2.65
06/05/2010;2.55
07/05/2010;2.47
08/05/2010;2.38
09/05/2010;2.41
10/05/2010;2.33
11/05/2010;2.27
12/05/2010;2.32
13/05/2010;2.34
14/05/2010;2.35
15/05/2010;2.33
16/05/2010;2.31
17/05/2010;2.24
18/05/2010;2.18
19/05/2010;2.13
20/05/2010;2.12
21/05/2010;2.05
22/05/2010;1.99
23/05/2010;1.93
24/05/2010;1.87
25/05/2010;1.8
26/05/2010;1.73
27/05/2010;1.66
28/05/2010;1.58
29/05/2010;1.55
30/05/2010;1.49
31/05/2010;1.42
01/06/2010;1.31
02/06/2010;1.2
03/06/2010;1.13
04/06/2010;1.06
05/06/2010;0.95
06/06/2010;0.85
07/06/2010;0.78
08/06/2010;0.65
09/06/2010;0.52
10/06/2010;0.42
11/06/2010;0.37
12/06/2010;0.36
13/06/2010;0.24
14/06/2010;0.21
15/06/2010;0.21
16/06/2010;0.15
17/06/2010;0.13
18/06/2010;0
19/06/2010;0
20/06/2010;0
21/06/2010;0
22/06/2010;0
23/06/2010;0
24/06/2010;0
25/06/2010;0
26/06/2010;0
27/06/2010;0
28/06/2010;0
29/06/2010;0
30/06/2010;0
01/07/2010;0
02/07/2010;0
03/07/2010;0
04/07/2010;0
05/07/2010;0
06/07/2010;0
07/07/2010;0
08/07/2010;0
09/07/2010;0
10/07/2010;0
11/07/2010;0
12/07/2010;0.05
13/07/2010;0.05
14/07/2010;0.05
15/07/2010;0.09
16/07/2010;0.11
17/07/2010;0.13
18/07/2010;0.11
19/07/2010;0.09
20/07/2010;0.12
21/07/2010;0.12
22/07/2010;0.08
23/07/2010;0
24/07/2010;0
25/07/2010;0
26/07/2010;0
27/07/2010;0
28/07/2010;0
29/07/2010;0
30/07/2010;0
31/07/2010;0
01/08/2010;0
02/08/2010;0
03/08/2010;0
04/08/2010;0
05/08/2010;0
06/08/2010;0
07/08/2010;0
08/08/2010;0
09/08/2010;0
10/08/2010;0
11/08/2010;0
12/08/2010;0
13/08/2010;0
14/08/2010;0
15/08/2010;0
16/08/2010;0
17/08/2010;0
18/08/2010;0
19/08/2010;0
20/08/2010;0
21/08/2010;0
22/08/2010;0
23/08/2010;0
24/08/2010;0
25/08/2010;0
26/08/2010;0
27/08/2010;0
28/08/2010;0
29/08/2010;0
30/08/2010;0
31/08/2010;0
01/09/2010;0
02/09/2010;0
03/09/2010;0
04/09/2010;0
05/09/2010;0
06/09/2010;0
07/09/2010;0
08/09/2010;0
09/09/2010;0
10/09/2010;0
11/09/2010;0
12/09/2010;0
13/09/2010;0
14/09/2010;0
15/09/2010;0
16/09/2010;0
17/09/2010;1.25
18/09/2010;0
19/09/2010;0
20/09/2010;0
21/09/2010;0
22/09/2010;0
23/09/2010;0
24/09/2010;1.37
25/09/2010;0
26/09/2010;0
27/09/2010;0
28/09/2010;0
29/09/2010;0
30/09/2010;0
01/10/2010;0
02/10/2010;0
03/10/2010;0
04/10/2010;0
05/10/2010;0
06/10/2010;0
07/10/2010;0
08/10/2010;0
09/10/2010;0
10/10/2010;0
11/10/2010;0
12/10/2010;0
13/10/2010;0
14/10/2010;0
15/10/2010;0
16/10/2010;0
17/10/2010;0
18/10/2010;0
19/10/2010;0
20/10/2010;0
21/10/2010;0
22/10/2010;0
23/10/2010;0
24/10/2010;0
25/10/2010;0.2
26/10/2010;0.18
27/10/2010;0.16
28/10/2010;0.15
29/10/2010;0.13
30/10/2010;0.11
31/10/2010;0.25
01/11/2010;0.37
02/11/2010;0.55
03/11/2010;0.5
04/11/2010;0.46
05/11/2010;0.42
06/11/2010;0.38
07/11/2010;0.37
08/11/2010;0.4
09/11/2010;0.4
10/11/2010;0.45
11/11/2010;0.44
12/11/2010;0.43
13/11/2010;0.35
14/11/2010;0.35
15/11/2010;0.48
16/11/2010;0.69
17/11/2010;0.64
18/11/2010;0.62
19/11/2010;0.6
20/11/2010;0.62
21/11/2010;0.7
22/11/2010;0.73
23/11/2010;0.75
24/11/2010;0.74
25/11/2010;0.84
26/11/2010;0.85
27/11/2010;0.77
28/11/2010;0.72
29/11/2010;0.69
30/11/2010;0.77
01/12/2010;0.84
02/12/2010;0.83
03/12/2010;0.86
04/12/2010;0.85
05/12/2010;0.8
06/12/2010;0.69
07/12/2010;0.65
08/12/2010;0.62
09/12/2010;0.61
10/12/2010;0.6
11/12/2010;0.6
12/12/2010;0.6
13/12/2010;0.59
14/12/2010;0.59
15/12/2010;0.6
16/12/2010;0.78
17/12/2010;0.77
18/12/2010;0.76
19/12/2010;0.74
20/12/2010;0.71
21/12/2010;0.75
22/12/2010;0.88
23/12/2010;0.93
24/12/2010;1.02
25/12/2010;1.22
26/12/2010;1.15
27/12/2010;1.08
28/12/2010;1.06
29/12/2010;1.05
30/12/2010;1.05
31/12/2010;1.03
01/01/2011;1.03
02/01/2011;1.02
03/01/2011;1.01
04/01/2011;1.01
05/01/2011;1.01
06/01/2011;1
07/01/2011;1
08/01/2011;1
09/01/2011;1.08
10/01/2011;1.09
11/01/2011;1.15
12/01/2011;1.39
13/01/2011;1.35
14/01/2011;1.33
15/01/2011;1.32
16/01/2011;1.31
17/01/2011;1.3
18/01/2011;1.23
19/01/2011;1.24
20/01/2011;1.3
21/01/2011;1.8
22/01/2011;1.78
23/01/2011;1.65
24/01/2011;1.58
25/01/2011;1.54
26/01/2011;1.5
27/01/2011;1.48
28/01/2011;1.56
29/01/2011;1.56
30/01/2011;1.52
31/01/2011;1.51
01/02/2011;1.49
02/02/2011;1.5
03/02/2011;1.5
04/02/2011;1.48
05/02/2011;1.46
06/02/2011;1.46
07/02/2011;1.44
08/02/2011;1.44
09/02/2011;1.44
10/02/2011;1.43
11/02/2011;1.43
12/02/2011;1.43
13/02/2011;1.42
14/02/2011;1.47
15/02/2011;1.47
16/02/2011;1.45
17/02/2011;1.7
18/02/2011;1.78
19/02/2011;1.73
20/02/2011;1.68
21/02/2011;1.82
22/02/2011;2.02
23/02/2011;2.07
24/02/2011;2.06
25/02/2011;2.02
26/02/2011;1.97
27/02/2011;2.59
28/02/2011;2.55
01/03/2011;2.57
02/03/2011;2.54
03/03/2011;2.49
04/03/2011;2.45
05/03/2011;2.41
06/03/2011;2.36
07/03/2011;2.33
08/03/2011;2.3
09/03/2011;2.26
10/03/2011;2.23
11/03/2011;2.21
12/03/2011;2.29
13/03/2011;2.33
14/03/2011;2.3
15/03/2011;2.35
16/03/2011;2.45
17/03/2011;2.73
18/03/2011;2.58
19/03/2011;2.49
20/03/2011;2.48
21/03/2011;2.43
22/03/2011;2.42
23/03/2011;2.39
24/03/2011;2.37
25/03/2011;2.37
26/03/2011;2.33
27/03/2011;2.36
28/03/2011;2.35
29/03/2011;2.29
30/03/2011;2.28
31/03/2011;2.26
01/04/2011;2.2
02/04/2011;2.16
03/04/2011;2.11
04/04/2011;2.02
05/04/2011;1.96
06/04/2011;1.89
07/04/2011;1.85
08/04/2011;1.78
09/04/2011;1.72
10/04/2011;1.65
11/04/2011;1.6
12/04/2011;1.56
13/04/2011;1.51
14/04/2011;1.49
15/04/2011;1.45
16/04/2011;1.42
17/04/2011;1.37
18/04/2011;1.34
19/04/2011;1.3
20/04/2011;1.28
21/04/2011;1.22
22/04/2011;1.18
23/04/2011;1.25
24/04/2011;1.23
25/04/2011;1.21
26/04/2011;1.21
27/04/2011;1.12
28/04/2011;1.09
29/04/2011;1.07
30/04/2011;1.03
01/05/2011;1.02
02/05/2011;0.99
03/05/2011;0.98
04/05/2011;0.94
05/05/2011;0.87
06/05/2011;0.8
07/05/2011;0.75
08/05/2011;0.65
09/05/2011;0.6
10/05/2011;0.48
11/05/2011;0.38
12/05/2011;0.28
13/05/2011;0.22
14/05/2011;0.14
15/05/2011;0.09
16/05/2011;0.09
17/05/2011;0.09
18/05/2011;0.08
19/05/2011;0.08
20/05/2011;0.09
21/05/2011;0.09
22/05/2011;0.09
23/05/2011;0.08
24/05/2011;0.09
25/05/2011;0.09
26/05/2011;0.08
27/05/2011;0.08
28/05/2011;0.1
29/05/2011;0.09
30/05/2011;0.08
31/05/2011;0.08
01/06/2011;0.12
02/06/2011;0.18
03/06/2011;0.11
04/06/2011;0.08
05/06/2011;0.08
06/06/2011;0.07
07/06/2011;0.08
08/06/2011;0.08
09/06/2011;0.08
10/06/2011;0.07
11/06/2011;0.08
12/06/2011;0.08
13/06/2011;0.08
14/06/2011;0.08
15/06/2011;0.07
16/06/2011;0.07
17/06/2011;NA
18/06/2011;0.06
19/06/2011;0.06
20/06/2011;NA
21/06/2011;0.07
22/06/2011;0.06
23/06/2011;0
24/06/2011;0
25/06/2011;0
26/06/2011;NA
27/06/2011;NA
28/06/2011;NA
29/06/2011;0.05
30/06/2011;NA
01/07/2011;NA
02/07/2011;NA
03/07/2011;NA
04/07/2011;0.06
05/07/2011;0.06
06/07/2011;0.05
07/07/2011;0
08/07/2011;0
09/07/2011;0
10/07/2011;NA
11/07/2011;NA
12/07/2011;0.06
13/07/2011;0.06
14/07/2011;0.07
15/07/2011;0.07
16/07/2011;0.06
17/07/2011;0
18/07/2011;0.06
19/07/2011;0.07
20/07/2011;0
21/07/2011;0.05
22/07/2011;NA
23/07/2011;NA
24/07/2011;NA
25/07/2011;0.06
26/07/2011;0
27/07/2011;0
28/07/2011;NA
29/07/2011;NA
30/07/2011;NA
31/07/2011;NA
01/08/2011;NA
02/08/2011;NA
03/08/2011;NA
04/08/2011;NA
05/08/2011;0.07
06/08/2011;0
07/08/2011;NA
08/08/2011;0
09/08/2011;0
10/08/2011;0.05
11/08/2011;0
12/08/2011;NA
13/08/2011;0
14/08/2011;0.07
15/08/2011;0.06
16/08/2011;0.06
17/08/2011;0.06
18/08/2011;0.06
19/08/2011;0.06
20/08/2011;0
21/08/2011;0
22/08/2011;0
23/08/2011;0
24/08/2011;NA
25/08/2011;NA
26/08/2011;0
27/08/2011;0
28/08/2011;NA
29/08/2011;NA
30/08/2011;NA
31/08/2011;NA
01/09/2011;NA
02/09/2011;0
03/09/2011;0.05
04/09/2011;0.06
05/09/2011;0.06
06/09/2011;0
07/09/2011;0
08/09/2011;0
09/09/2011;0
10/09/2011;0
11/09/2011;NA
12/09/2011;NA
13/09/2011;NA
14/09/2011;NA
15/09/2011;0
16/09/2011;0.06
17/09/2011;0.06
18/09/2011;0.07
19/09/2011;0.06
20/09/2011;NA
21/09/2011;NA
22/09/2011;NA
23/09/2011;NA
24/09/2011;0.06
25/09/2011;0.06
26/09/2011;0
27/09/2011;NA
28/09/2011;NA
29/09/2011;0.06
30/09/2011;0.06
01/10/2011;0
02/10/2011;0.06
03/10/2011;0.05
04/10/2011;0.05
05/10/2011;0
06/10/2011;0
07/10/2011;0.06
08/10/2011;0.08
09/10/2011;0
10/10/2011;NA
11/10/2011;0
12/10/2011;0
13/10/2011;0
14/10/2011;0
15/10/2011;0
16/10/2011;0
17/10/2011;0
18/10/2011;0
19/10/2011;0.06
20/10/2011;0.06
21/10/2011;0.07
22/10/2011;0.07
23/10/2011;0.06
24/10/2011;0
25/10/2011;0.08
26/10/2011;0.07
27/10/2011;NA
28/10/2011;NA
29/10/2011;NA
30/10/2011;0
31/10/2011;0
01/11/2011;0
02/11/2011;0
03/11/2011;0
04/11/2011;0.06
05/11/2011;NA
06/11/2011;0.34
07/11/2011;0.39
08/11/2011;0.33
09/11/2011;NA
10/11/2011;0.31
11/11/2011;0.3
12/11/2011;0.28
13/11/2011;NA
14/11/2011;0.28
15/11/2011;0.25
16/11/2011;0.26
17/11/2011;0.26
18/11/2011;0.25
19/11/2011;0.26
20/11/2011;0.24
21/11/2011;0.26
22/11/2011;0.25
23/11/2011;0.26
24/11/2011;0.26
25/11/2011;0.25
26/11/2011;0.25
27/11/2011;0.26
28/11/2011;0.25
29/11/2011;0.25
30/11/2011;0.25
01/12/2011;0.25
02/12/2011;0.26
03/12/2011;0.25
04/12/2011;NA
05/12/2011;0.28
06/12/2011;0.28
07/12/2011;NA
08/12/2011;0.29
09/12/2011;0.27
10/12/2011;0.28
11/12/2011;0.26
12/12/2011;0.29
13/12/2011;0.3
14/12/2011;0.29
15/12/2011;0.3
16/12/2011;0.4
17/12/2011;0.67
18/12/2011;0.88
19/12/2011;0.84
20/12/2011;NA
21/12/2011;1.27
22/12/2011;1.14
23/12/2011;1.1
24/12/2011;1.07
25/12/2011;1.03
26/12/2011;1.02
27/12/2011;1
28/12/2011;0.98
29/12/2011;0.99
30/12/2011;0.96
31/12/2011;0.95
01/01/2012;0.95
02/01/2012;0.94
03/01/2012;0.99
04/01/2012;NA
05/01/2012;0.93
06/01/2012;0.93
07/01/2012;0.92
08/01/2012;0.91
09/01/2012;0.9
10/01/2012;0.92
11/01/2012;0.88
12/01/2012;0.86
13/01/2012;0.85
14/01/2012;0.84
15/01/2012;0.83
16/01/2012;0.83
17/01/2012;0.83
18/01/2012;0.83
19/01/2012;0.83
20/01/2012;0.85
21/01/2012;0.84
22/01/2012;0.84
23/01/2012;0.84
24/01/2012;0.84
25/01/2012;0.84
26/01/2012;0.84
27/01/2012;0.84
28/01/2012;1.02
29/01/2012;1.57
30/01/2012;1.48
31/01/2012;1.42
01/02/2012;1.39
02/02/2012;1.33
03/02/2012;1.31
04/02/2012;1.71
05/02/2012;1.93
06/02/2012;2.01
07/02/2012;2.03
08/02/2012;1.9
09/02/2012;1.84
10/02/2012;1.79
11/02/2012;1.75
12/02/2012;1.71
13/02/2012;1.68
14/02/2012;2
15/02/2012;2.19
16/02/2012;2.29
17/02/2012;2.19
18/02/2012;2.09
19/02/2012;2.04
20/02/2012;2.03
21/02/2012;1.94
22/02/2012;1.93
23/02/2012;1.91
24/02/2012;1.89
25/02/2012;1.86
26/02/2012;1.84
27/02/2012;1.82
28/02/2012;1.79
29/02/2012;1.79
01/03/2012;1.77
02/03/2012;1.77
03/03/2012;1.85
04/03/2012;1.84
05/03/2012;1.88
06/03/2012;1.88
07/03/2012;1.88
08/03/2012;2.06
09/03/2012;2.02
10/03/2012;1.97
11/03/2012;1.91
12/03/2012;1.88
13/03/2012;1.87
14/03/2012;1.86
15/03/2012;1.84
16/03/2012;1.83
17/03/2012;1.82
18/03/2012;1.88
19/03/2012;1.87
20/03/2012;1.85
21/03/2012;2.13
22/03/2012;2.7
23/03/2012;2.65
24/03/2012;2.53
25/03/2012;2.44
26/03/2012;2.37
27/03/2012;2.29
28/03/2012;2.26
29/03/2012;2.24
30/03/2012;2.16
31/03/2012;2.11
01/04/2012;2.07
02/04/2012;2.02
03/04/2012;2.02
04/04/2012;2.11
05/04/2012;2.12
06/04/2012;2.09
07/04/2012;2.12
08/04/2012;2.14
09/04/2012;2.05
10/04/2012;2.08
11/04/2012;2.08
12/04/2012;2.08
13/04/2012;2.08
14/04/2012;2.22
15/04/2012;2.71
16/04/2012;2.67
17/04/2012;2.37
18/04/2012;2.4
19/04/2012;2.46
20/04/2012;2.44
21/04/2012;2.37
22/04/2012;2.31
23/04/2012;2.37
24/04/2012;2.38
25/04/2012;2.35
26/04/2012;2.3
27/04/2012;2.21
28/04/2012;2.19
29/04/2012;2.19
30/04/2012;2.26
01/05/2012;2.25
02/05/2012;2.18
03/05/2012;2.16
04/05/2012;2.17
05/05/2012;2.2
06/05/2012;2.13
07/05/2012;2.1
08/05/2012;2.08
09/05/2012;2.01
10/05/2012;1.92
11/05/2012;1.83
12/05/2012;1.66
13/05/2012;1.57
14/05/2012;1.47
15/05/2012;1.41
16/05/2012;1.34
17/05/2012;1.28
18/05/2012;1.22
19/05/2012;1.15
20/05/2012;1.16
21/05/2012;1.3
22/05/2012;1.27
23/05/2012;1.18
24/05/2012;1.09
25/05/2012;0.98
26/05/2012;0.92
27/05/2012;0.86
28/05/2012;0.8
29/05/2012;0.72
30/05/2012;0.66
31/05/2012;0.55
01/06/2012;0.44
02/06/2012;0.28
03/06/2012;0.17
04/06/2012;0.15
05/06/2012;0.15
06/06/2012;0.15
07/06/2012;0.15
08/06/2012;0.16
09/06/2012;0.16
10/06/2012;0.16
11/06/2012;0.16
12/06/2012;0.16
13/06/2012;0.16
14/06/2012;0.16
15/06/2012;0.15
16/06/2012;0.16
17/06/2012;0.16
18/06/2012;0.17
19/06/2012;0.19
20/06/2012;0.2
21/06/2012;0.16
22/06/2012;0.15
23/06/2012;0.15
24/06/2012;0.16
25/06/2012;0.16
26/06/2012;0.15
27/06/2012;0.15
28/06/2012;0.16
29/06/2012;0.16
30/06/2012;0.17
01/07/2012;0.17
02/07/2012;0.16
03/07/2012;0.17
04/07/2012;0
05/07/2012;0
06/07/2012;0
07/07/2012;0
08/07/2012;0
09/07/2012;0
10/07/2012;0
11/07/2012;0
12/07/2012;0
13/07/2012;0
14/07/2012;0
15/07/2012;0
16/07/2012;0
17/07/2012;0
18/07/2012;0
19/07/2012;0
20/07/2012;0
21/07/2012;0
22/07/2012;0
23/07/2012;0
24/07/2012;0
25/07/2012;0
26/07/2012;0
27/07/2012;0
28/07/2012;0
29/07/2012;0
30/07/2012;0
31/07/2012;0
01/08/2012;0
02/08/2012;0
03/08/2012;0
04/08/2012;0
05/08/2012;0
06/08/2012;0
07/08/2012;0
08/08/2012;0
09/08/2012;0
10/08/2012;0
11/08/2012;0
12/08/2012;0
13/08/2012;0
14/08/2012;0
15/08/2012;0
16/08/2012;0
17/08/2012;0
18/08/2012;0
19/08/2012;0
20/08/2012;0
21/08/2012;0
22/08/2012;0
23/08/2012;0
24/08/2012;0
25/08/2012;0
26/08/2012;0
27/08/2012;0
28/08/2012;0
29/08/2012;0
30/08/2012;0
31/08/2012;0
01/09/2012;0
02/09/2012;0
03/09/2012;0
04/09/2012;0
05/09/2012;0
06/09/2012;0
07/09/2012;0
08/09/2012;0
09/09/2012;0
10/09/2012;0
11/09/2012;0
12/09/2012;0
13/09/2012;0
14/09/2012;0
15/09/2012;0
16/09/2012;0
17/09/2012;0
18/09/2012;0
19/09/2012;0
20/09/2012;0
21/09/2012;0
22/09/2012;0
23/09/2012;0
24/09/2012;0
25/09/2012;0
26/09/2012;0
27/09/2012;0
28/09/2012;0
29/09/2012;0.06
30/09/2012;0
01/10/2012;0
02/10/2012;0
03/10/2012;0
04/10/2012;0
05/10/2012;0
06/10/2012;0
07/10/2012;0
08/10/2012;0
09/10/2012;0
10/10/2012;0
11/10/2012;0
12/10/2012;0
13/10/2012;0
14/10/2012;0.08
15/10/2012;0.08
16/10/2012;0
17/10/2012;0
18/10/2012;0
19/10/2012;0
20/10/2012;0
21/10/2012;0
22/10/2012;0
23/10/2012;0
24/10/2012;0
25/10/2012;0
26/10/2012;0
27/10/2012;0
28/10/2012;0
29/10/2012;0
30/10/2012;0.08
31/10/2012;0.08
01/11/2012;0.06
02/11/2012;0.05
03/11/2012;0
04/11/2012;0
05/11/2012;0
06/11/2012;0
07/11/2012;0
08/11/2012;0
09/11/2012;0
10/11/2012;0
11/11/2012;0.13
12/11/2012;0.12
13/11/2012;0.09
14/11/2012;0.07
15/11/2012;0.07
16/11/2012;0.07
17/11/2012;0.07
18/11/2012;0
19/11/2012;0
20/11/2012;0
21/11/2012;0
22/11/2012;0
23/11/2012;0.06
24/11/2012;0.07
25/11/2012;0.06
26/11/2012;0.15
27/11/2012;0.31
28/11/2012;0.6
29/11/2012;0.49
30/11/2012;0.44
01/12/2012;0.4
02/12/2012;0.4
03/12/2012;0.48
04/12/2012;0.56
05/12/2012;0.99
06/12/2012;0.97
07/12/2012;0.84
08/12/2012;1.49
09/12/2012;1.37
10/12/2012;1.27
11/12/2012;1.2
12/12/2012;1.15
13/12/2012;1.12
14/12/2012;1.1
15/12/2012;1.06
16/12/2012;1.03
17/12/2012;1.06
18/12/2012;1.04
19/12/2012;1.02
20/12/2012;1.01
21/12/2012;1
22/12/2012;0.97
23/12/2012;0.96
24/12/2012;0.95
25/12/2012;0.94
26/12/2012;0.94
27/12/2012;0.92
28/12/2012;0.91
29/12/2012;0.91
30/12/2012;0.9
31/12/2012;0.89
01/01/2013;1.02
02/01/2013;1.21
03/01/2013;1.08
04/01/2013;1.05
05/01/2013;1.04
06/01/2013;1
07/01/2013;0.98
08/01/2013;0.97
09/01/2013;0.96
10/01/2013;0.96
11/01/2013;0.97
12/01/2013;0.94
13/01/2013;1.31
14/01/2013;1.3
15/01/2013;NA
16/01/2013;2.06
17/01/2013;2.05
18/01/2013;1.95
19/01/2013;2.1
20/01/2013;2.15
21/01/2013;NA
22/01/2013;NA
23/01/2013;NA
24/01/2013;NA
25/01/2013;2.38
26/01/2013;NA
27/01/2013;2.53
28/01/2013;2.54
29/01/2013;2.38
30/01/2013;2.35
31/01/2013;2.32
01/02/2013;2.25
02/02/2013;2.69
03/02/2013;2.72
04/02/2013;2.72
05/02/2013;2.68
06/02/2013;2.72
07/02/2013;NA
08/02/2013;NA
09/02/2013;NA
10/02/2013;NA
11/02/2013;NA
12/02/2013;NA
13/02/2013;NA
14/02/2013;NA
15/02/2013;NA
16/02/2013;NA
17/02/2013;NA
18/02/2013;NA
19/02/2013;NA
20/02/2013;NA
21/02/2013;3.17
22/02/2013;3.2
23/02/2013;3.27
24/02/2013;3.32
25/02/2013;3.22
26/02/2013;3.12
27/02/2013;3.11
28/02/2013;3.11
01/03/2013;3.12
02/03/2013;3.1
03/03/2013;3.09
04/03/2013;3.06
05/03/2013;3.02
06/03/2013;3.03
07/03/2013;3.03
08/03/2013;3.02
09/03/2013;3.04
10/03/2013;3.06
11/03/2013;3.06
12/03/2013;3.1
13/03/2013;3.22
14/03/2013;3.23
15/03/2013;3.32
16/03/2013;3.13
17/03/2013;3.14
18/03/2013;3.21
19/03/2013;3.19
20/03/2013;3.17
21/03/2013;3.16
22/03/2013;3.15
23/03/2013;3.03
24/03/2013;3.08
25/03/2013;3.08
26/03/2013;3.09
27/03/2013;3.06
28/03/2013;3.03
29/03/2013;3.01
30/03/2013;3.06
31/03/2013;3.05
01/04/2013;3.04
02/04/2013;3.04
03/04/2013;3.04
04/04/2013;3.06
05/04/2013;3.12
06/04/2013;3.26
07/04/2013;3.22
08/04/2013;3.19
09/04/2013;3.17
10/04/2013;3.14
11/04/2013;3.1
12/04/2013;3.04
13/04/2013;3.01
14/04/2013;2.95
15/04/2013;2.92
16/04/2013;2.91
17/04/2013;2.82
18/04/2013;2.75
19/04/2013;2.76
20/04/2013;2.73
21/04/2013;2.7
22/04/2013;2.68
23/04/2013;2.67
24/04/2013;2.67
25/04/2013;2.64
26/04/2013;2.58
27/04/2013;2.7
28/04/2013;2.77
29/04/2013;2.77
30/04/2013;2.69
01/05/2013;2.67
02/05/2013;2.59
03/05/2013;2.64
04/05/2013;2.56
05/05/2013;2.53
06/05/2013;2.49
07/05/2013;2.43
08/05/2013;2.39
09/05/2013;2.31
10/05/2013;2.25
11/05/2013;2.21
12/05/2013;2.17
13/05/2013;2.13
14/05/2013;2.06
15/05/2013;2.25
16/05/2013;2.25
17/05/2013;2.34
18/05/2013;2.54
19/05/2013;2.4
20/05/2013;2.32
21/05/2013;2.33
22/05/2013;2.32
23/05/2013;2.27
24/05/2013;2.2
25/05/2013;2.24
26/05/2013;2.23
27/05/2013;2.21
28/05/2013;2.21
29/05/2013;2.24
30/05/2013;2.39
31/05/2013;2.64
01/06/2013;2.58
02/06/2013;2.55
03/06/2013;2.46
04/06/2013;2.34
05/06/2013;2.32
06/06/2013;2.28
07/06/2013;2.23
08/06/2013;2.19
09/06/2013;2.18
10/06/2013;2.17
11/06/2013;2.1
12/06/2013;2.02
13/06/2013;1.97
14/06/2013;1.82
15/06/2013;1.73
16/06/2013;1.6
17/06/2013;1.44
18/06/2013;1.31
19/06/2013;1.2
20/06/2013;1.14
21/06/2013;1.1
22/06/2013;1.04
23/06/2013;0.98
24/06/2013;0.91
25/06/2013;0.82
26/06/2013;0.74
27/06/2013;0.67
28/06/2013;0.55
29/06/2013;0.54
30/06/2013;0.36
01/07/2013;0.29
02/07/2013;0.24
03/07/2013;0.1
04/07/2013;0.1
05/07/2013;0.1
06/07/2013;0.1
07/07/2013;0.1
08/07/2013;0.1
09/07/2013;0.1
10/07/2013;0.12
11/07/2013;0.1
12/07/2013;0.11
13/07/2013;0.11
14/07/2013;0.1
15/07/2013;0.11
16/07/2013;0.12
17/07/2013;0.11
18/07/2013;0.12
19/07/2013;0.12
20/07/2013;0.12
21/07/2013;0.12
22/07/2013;0.12
23/07/2013;0.12
24/07/2013;0.12
25/07/2013;0.13
26/07/2013;0.14
27/07/2013;0.14
28/07/2013;0.16
29/07/2013;0.15
30/07/2013;0.17
31/07/2013;0.18
01/08/2013;0.16
02/08/2013;0.18
03/08/2013;0.17
04/08/2013;0.16
05/08/2013;0.15
06/08/2013;0.18
07/08/2013;0.21
08/08/2013;0.23
09/08/2013;0.18
10/08/2013;0.18
11/08/2013;0.17
12/08/2013;0.15
13/08/2013;0.16
14/08/2013;0.16
15/08/2013;0.18
16/08/2013;0.17
17/08/2013;0.14
18/08/2013;0.17
19/08/2013;0.14
20/08/2013;0.26
21/08/2013;0.17
22/08/2013;0.17
23/08/2013;0.17
24/08/2013;0.17
25/08/2013;0.17
26/08/2013;0.16
27/08/2013;0.13
28/08/2013;0.15
29/08/2013;0.14
30/08/2013;0.14
31/08/2013;0.16
01/09/2013;0.13
02/09/2013;0.14
03/09/2013;0.13
04/09/2013;0.12
05/09/2013;0.13
06/09/2013;0.13
07/09/2013;0.14
08/09/2013;0.12
09/09/2013;0.12
10/09/2013;0.13
11/09/2013;0.12
12/09/2013;0.12
13/09/2013;0.12
14/09/2013;0.13
15/09/2013;0.12
16/09/2013;0.12
17/09/2013;0.13
18/09/2013;0.12
19/09/2013;0.13
20/09/2013;0.13
21/09/2013;0.13
22/09/2013;0.12
23/09/2013;0.11
24/09/2013;0.12
25/09/2013;0.12
26/09/2013;0.13
27/09/2013;0.13
28/09/2013;0.12
29/09/2013;0.11
30/09/2013;0.11
01/10/2013;0.11
02/10/2013;0.1
03/10/2013;0.12
04/10/2013;0.12
05/10/2013;0.12
06/10/2013;0.13
07/10/2013;0.1
08/10/2013;0.12
09/10/2013;0.14
10/10/2013;0.12
11/10/2013;0.12
12/10/2013;0.16
13/10/2013;0.12
14/10/2013;0.11
15/10/2013;0.11
16/10/2013;0.11
17/10/2013;0.12
18/10/2013;0.11
19/10/2013;0.12
20/10/2013;0.12
21/10/2013;0.1
22/10/2013;0.1
23/10/2013;0.1
24/10/2013;0.11
25/10/2013;0.1
26/10/2013;0.1
27/10/2013;0.11
28/10/2013;0.11
29/10/2013;0.11
30/10/2013;0.11
31/10/2013;0.12
01/11/2013;0.14
02/11/2013;0.12
03/11/2013;0.12
04/11/2013;0.21
05/11/2013;0.36
06/11/2013;0.17
07/11/2013;0.2
08/11/2013;0.18
09/11/2013;0.18
10/11/2013;0.19
11/11/2013;0.23
12/11/2013;0.24
13/11/2013;0.18
14/11/2013;0.36
15/11/2013;0.72
16/11/2013;0.7
17/11/2013;0.63
18/11/2013;0.76
19/11/2013;1.05
20/11/2013;1.21
21/11/2013;1.58
22/11/2013;2.19
23/11/2013;2.32
24/11/2013;2.3
25/11/2013;2.1
26/11/2013;1.95
27/11/2013;1.86
28/11/2013;1.78
29/11/2013;1.72
30/11/2013;2.05
01/12/2013;2.03
02/12/2013;1.92
03/12/2013;1.84
04/12/2013;1.79
05/12/2013;1.75
06/12/2013;1.72
07/12/2013;1.69
08/12/2013;1.66
09/12/2013;1.63
10/12/2013;1.61
11/12/2013;1.59
12/12/2013;1.56
13/12/2013;1.54
14/12/2013;1.52
15/12/2013;1.51
16/12/2013;1.5
17/12/2013;1.49
18/12/2013;1.46
19/12/2013;1.48
20/12/2013;1.56
21/12/2013;1.53
22/12/2013;1.51
23/12/2013;1.5
24/12/2013;1.47
25/12/2013;1.53
26/12/2013;1.96
27/12/2013;1.9
28/12/2013;1.82
29/12/2013;1.79
30/12/2013;1.78
31/12/2013;1.75
01/01/2014;1.73
02/01/2014;1.71
03/01/2014;1.68
04/01/2014;2.08
05/01/2014;2.12
06/01/2014;2.04
07/01/2014;1.98
08/01/2014;1.94
09/01/2014;1.9
10/01/2014;1.88
11/01/2014;1.86
12/01/2014;1.84
13/01/2014;1.83
14/01/2014;2.03
15/01/2014;2
16/01/2014;1.96
17/01/2014;1.93
18/01/2014;2.1
19/01/2014;2.06
20/01/2014;2.15
21/01/2014;2.18
22/01/2014;2.21
23/01/2014;2.27
24/01/2014;2.79
25/01/2014;3.06
26/01/2014;2.97
27/01/2014;2.91
28/01/2014;2.96
29/01/2014;2.9
30/01/2014;2.86
31/01/2014;2.84
01/02/2014;2.91
02/02/2014;2.94
03/02/2014;2.91
04/02/2014;2.9
05/02/2014;2.83
06/02/2014;2.8
07/02/2014;2.8
08/02/2014;2.79
09/02/2014;2.74
10/02/2014;3.13
11/02/2014;3.25
12/02/2014;3.24
13/02/2014;3.16
14/02/2014;3.11
15/02/2014;3.08
16/02/2014;3.18
17/02/2014;3.16
18/02/2014;3.13
19/02/2014;3.09
20/02/2014;3.06
21/02/2014;3
22/02/2014;2.95
23/02/2014;2.94
24/02/2014;2.93
25/02/2014;2.94
26/02/2014;2.97
27/02/2014;3.05
28/02/2014;3.37
01/03/2014;3.5
02/03/2014;3.42
03/03/2014;3.57
04/03/2014;3.85
05/03/2014;3.84
06/03/2014;3.83
07/03/2014;NA
08/03/2014;NA
09/03/2014;3.85
10/03/2014;3.85
11/03/2014;3.81
12/03/2014;3.77
13/03/2014;3.74
14/03/2014;3.71
15/03/2014;3.68
16/03/2014;3.66
17/03/2014;3.63
18/03/2014;3.6
19/03/2014;3.57
20/03/2014;3.52
21/03/2014;3.51
22/03/2014;3.55
23/03/2014;3.67
24/03/2014;3.66
25/03/2014;3.81
26/03/2014;3.85
27/03/2014;3.83
28/03/2014;3.73
29/03/2014;3.65
30/03/2014;3.68
31/03/2014;3.63
01/04/2014;3.54
02/04/2014;3.6
03/04/2014;3.71
04/04/2014;3.83
05/04/2014;3.7
06/04/2014;3.65
07/04/2014;3.58
08/04/2014;3.54
09/04/2014;3.46
10/04/2014;3.42
11/04/2014;3.38
12/04/2014;3.33
13/04/2014;3.28
14/04/2014;3.19
15/04/2014;3.13
16/04/2014;3.08
17/04/2014;3.01
18/04/2014;2.96
19/04/2014;2.92
20/04/2014;2.88
21/04/2014;2.84
22/04/2014;2.83
23/04/2014;2.81
24/04/2014;2.8
25/04/2014;2.86
26/04/2014;2.85
27/04/2014;2.85
28/04/2014;2.83
29/04/2014;2.81
30/04/2014;2.76
01/05/2014;2.71
02/05/2014;2.75
03/05/2014;2.76
04/05/2014;2.73
05/05/2014;2.71
06/05/2014;2.66
07/05/2014;2.6
08/05/2014;2.52
09/05/2014;2.45
10/05/2014;2.38
11/05/2014;2.32
12/05/2014;2.25
13/05/2014;2.18
14/05/2014;2.16
15/05/2014;2.1
16/05/2014;2.06
17/05/2014;2
18/05/2014;1.93
19/05/2014;1.92
20/05/2014;1.85
21/05/2014;1.78
22/05/2014;1.72
23/05/2014;1.71
24/05/2014;1.72
25/05/2014;1.72
26/05/2014;1.72
27/05/2014;1.7
28/05/2014;1.7
29/05/2014;1.68
30/05/2014;1.65
31/05/2014;1.61
01/06/2014;1.61
02/06/2014;1.53
03/06/2014;1.46
04/06/2014;1.41
05/06/2014;1.32
06/06/2014;1.27
07/06/2014;1.15
08/06/2014;1.02
09/06/2014;0.85
10/06/2014;0.72
11/06/2014;0.62
12/06/2014;0.55
13/06/2014;0.47
14/06/2014;0.33
15/06/2014;0.25
16/06/2014;0.17
17/06/2014;0.16
18/06/2014;0.16
19/06/2014;0.16
20/06/2014;0.16
21/06/2014;0.15
22/06/2014;0.17
23/06/2014;0.16
24/06/2014;0.19
25/06/2014;0.17
26/06/2014;0.18
27/06/2014;0.18
28/06/2014;0.2
29/06/2014;0.22
30/06/2014;0.23
01/07/2014;0.17
02/07/2014;0.17
03/07/2014;0.17
04/07/2014;0.18
05/07/2014;0.18
06/07/2014;0.17
07/07/2014;0.21
08/07/2014;0.18
09/07/2014;0.2
10/07/2014;0.17
11/07/2014;0.17
12/07/2014;0.16
13/07/2014;0.16
14/07/2014;0.16
15/07/2014;0.16
16/07/2014;0.17
17/07/2014;0.16
18/07/2014;0.17
19/07/2014;0.18
20/07/2014;0.18
21/07/2014;0.19
22/07/2014;0.19
23/07/2014;0.21
24/07/2014;0.18
25/07/2014;0.19
26/07/2014;0.18
27/07/2014;0.21
28/07/2014;0.2
29/07/2014;0.21
30/07/2014;0.19
31/07/2014;0.19
01/08/2014;0.18
02/08/2014;0.2
03/08/2014;0.17
04/08/2014;0.19
05/08/2014;0.18
06/08/2014;0.17
07/08/2014;0.16
08/08/2014;0.19
09/08/2014;0.18
10/08/2014;0.18
11/08/2014;0.19
12/08/2014;0.19
13/08/2014;0.2
14/08/2014;0.2
15/08/2014;0.19
16/08/2014;0.2
17/08/2014;0.17
18/08/2014;0.18
19/08/2014;0.17
20/08/2014;0.2
21/08/2014;0.19
22/08/2014;0.19
23/08/2014;0.18
24/08/2014;0.17
25/08/2014;0.18
26/08/2014;0.18
27/08/2014;0.17
28/08/2014;0.18
29/08/2014;0.17
30/08/2014;0.16
31/08/2014;0.16
01/09/2014;0.17
02/09/2014;0.18
03/09/2014;0.17
04/09/2014;0.17
05/09/2014;0.16
06/09/2014;0.16
07/09/2014;0.16
08/09/2014;0.16
09/09/2014;0.16
10/09/2014;0.17
11/09/2014;0.17
12/09/2014;0.16
13/09/2014;0.16
14/09/2014;0.18
15/09/2014;0.17
16/09/2014;0.17
17/09/2014;0.16
18/09/2014;0.17
19/09/2014;0.16
20/09/2014;0.15
21/09/2014;0.16
22/09/2014;0.15
23/09/2014;0.16
24/09/2014;0.16
25/09/2014;0.17
26/09/2014;0.18
27/09/2014;0.16
28/09/2014;0.18
29/09/2014;0.2
30/09/2014;0.16
01/10/2014;0.15
02/10/2014;0.17
03/10/2014;0.17
04/10/2014;0.17
05/10/2014;0.17
06/10/2014;0.16
07/10/2014;0.16
08/10/2014;0.16
09/10/2014;0.14
10/10/2014;0.15
11/10/2014;0.16
12/10/2014;0.19
13/10/2014;0.17
14/10/2014;0.16
15/10/2014;0.16
16/10/2014;0.16
17/10/2014;0.17
18/10/2014;0.15
19/10/2014;0.16
20/10/2014;0.14
21/10/2014;0.16
22/10/2014;0.17
23/10/2014;0.15
24/10/2014;0.15
25/10/2014;0.14
26/10/2014;0.15
27/10/2014;0.15
28/10/2014;0.15
29/10/2014;0.15
30/10/2014;0.15
31/10/2014;0.15
01/11/2014;0.15
02/11/2014;0.17
03/11/2014;0.19
04/11/2014;0.32
05/11/2014;0.36
06/11/2014;0.36
07/11/2014;0.32
08/11/2014;0.28
09/11/2014;0.27
10/11/2014;0.28
11/11/2014;0.28
12/11/2014;0.28
13/11/2014;0.28
14/11/2014;0.28
15/11/2014;0.25
16/11/2014;0.25
17/11/2014;0.3
18/11/2014;0.3
19/11/2014;0.28
20/11/2014;0.28
21/11/2014;0.29
22/11/2014;0.29
23/11/2014;0.22
24/11/2014;0.19
25/11/2014;0.16
26/11/2014;0.17
27/11/2014;0.18
28/11/2014;0.26
29/11/2014;0.26
30/11/2014;0.3
01/12/2014;0.3
02/12/2014;0.3
03/12/2014;0.3
04/12/2014;0.31
05/12/2014;0.31
06/12/2014;0.6
07/12/2014;0.78
08/12/2014;0.94
09/12/2014;1.11
10/12/2014;0.91
11/12/2014;0.89
12/12/2014;0.86
13/12/2014;0.83
14/12/2014;0.8
15/12/2014;0.79
16/12/2014;0.89
17/12/2014;0.93
18/12/2014;0.86
19/12/2014;0.83
20/12/2014;0.83
21/12/2014;0.81
22/12/2014;0.8
23/12/2014;0.8
24/12/2014;0.79
25/12/2014;0.78
26/12/2014;0.78
27/12/2014;1.14
28/12/2014;1.78
29/12/2014;1.57
30/12/2014;1.44
31/12/2014;1.31
01/01/2015;1.27
02/01/2015;1.23
03/01/2015;1.2
04/01/2015;1.19
05/01/2015;1.16
06/01/2015;1.15
07/01/2015;1.14
08/01/2015;1.11
09/01/2015;1.1
10/01/2015;1.09
11/01/2015;1.09
12/01/2015;1.08
13/01/2015;1.04
14/01/2015;1.03
15/01/2015;1.03
16/01/2015;1.18
17/01/2015;1.24
18/01/2015;1.21
19/01/2015;1.2
20/01/2015;1.21
21/01/2015;1.2
22/01/2015;1.19
23/01/2015;1.25
24/01/2015;1.29
25/01/2015;1.28
26/01/2015;1.26
27/01/2015;1.25
28/01/2015;1.25
29/01/2015;1.3
30/01/2015;1.86
31/01/2015;1.97
01/02/2015;2.3
02/02/2015;2.32
03/02/2015;2.23
04/02/2015;2.22
05/02/2015;2.54
06/02/2015;2.35
07/02/2015;2.26
08/02/2015;2.2
09/02/2015;2.1
10/02/2015;2.06
11/02/2015;2.03
12/02/2015;2.02
13/02/2015;1.99
14/02/2015;1.98
15/02/2015;2.11
16/02/2015;2.08
17/02/2015;2.05
18/02/2015;2.02
19/02/2015;2
20/02/2015;1.98
21/02/2015;2.16
22/02/2015;2.51
23/02/2015;2.5
24/02/2015;2.96
25/02/2015;3.25
26/02/2015;3.37
27/02/2015;3.4
28/02/2015;3.36
01/03/2015;3.16
02/03/2015;3.08
03/03/2015;3.05
04/03/2015;3.05
05/03/2015;2.95
06/03/2015;2.92
07/03/2015;2.89
08/03/2015;2.87
09/03/2015;2.86
10/03/2015;2.84
11/03/2015;2.83
12/03/2015;2.8
13/03/2015;2.77
14/03/2015;2.81
15/03/2015;2.81
16/03/2015;2.82
17/03/2015;2.79
18/03/2015;2.76
19/03/2015;2.74
20/03/2015;2.72
21/03/2015;2.71
22/03/2015;2.91
23/03/2015;2.88
24/03/2015;2.8
25/03/2015;2.92
26/03/2015;2.92
27/03/2015;2.89
28/03/2015;2.83
29/03/2015;2.77
30/03/2015;2.73
31/03/2015;2.64
01/04/2015;2.59
02/04/2015;2.58
03/04/2015;2.56
04/04/2015;2.51
05/04/2015;2.5
06/04/2015;2.48
07/04/2015;2.47
08/04/2015;2.46
09/04/2015;2.46
10/04/2015;2.44
11/04/2015;2.4
12/04/2015;2.39
13/04/2015;2.35
14/04/2015;2.33
15/04/2015;2.29
16/04/2015;2.27
17/04/2015;2.24
18/04/2015;2.21
19/04/2015;2.39
20/04/2015;2.4
21/04/2015;2.23
22/04/2015;2.21
23/04/2015;2.18
24/04/2015;2.16
25/04/2015;2.14
26/04/2015;2.1
27/04/2015;2.21
28/04/2015;2.2
29/04/2015;2.17
30/04/2015;2.11
01/05/2015;2.09
02/05/2015;2.05
03/05/2015;1.98
04/05/2015;1.89
05/05/2015;1.78
06/05/2015;1.72
07/05/2015;1.66
08/05/2015;1.61
09/05/2015;1.55
10/05/2015;1.49
11/05/2015;1.46
12/05/2015;1.38
13/05/2015;1.31
14/05/2015;1.24
15/05/2015;1.16
16/05/2015;1.17
17/05/2015;1.12
18/05/2015;1.07
19/05/2015;1.02
20/05/2015;1.05
21/05/2015;1.05
22/05/2015;1
23/05/2015;1.02
24/05/2015;0.99
25/05/2015;0.96
26/05/2015;0.93
27/05/2015;0.9
28/05/2015;0.81
29/05/2015;0.74
30/05/2015;0.72
31/05/2015;0.66
01/06/2015;0.59
02/06/2015;0.48
03/06/2015;0.36
04/06/2015;0.25
05/06/2015;0.19
06/06/2015;0.16
07/06/2015;0.16
08/06/2015;0.17
09/06/2015;0.16
10/06/2015;0.16
11/06/2015;0.17
12/06/2015;0.16
13/06/2015;0.15
14/06/2015;0.17
15/06/2015;0.17
16/06/2015;0.17
17/06/2015;0.17
18/06/2015;0.18
19/06/2015;0.18
20/06/2015;0.19
21/06/2015;0.18
22/06/2015;0.17
23/06/2015;0.17
24/06/2015;0.17
25/06/2015;0.18
26/06/2015;0.17
27/06/2015;0.17
28/06/2015;0.19
29/06/2015;0.19
30/06/2015;0.19
01/07/2015;0.21
02/07/2015;0.21
03/07/2015;0.21
04/07/2015;0.26
05/07/2015;0.28
06/07/2015;0.24
07/07/2015;0.27
08/07/2015;0.28
09/07/2015;0.31
10/07/2015;0.3
11/07/2015;0.18
12/07/2015;0.18
13/07/2015;0.35
14/07/2015;0.35
15/07/2015;0.32
16/07/2015;0.22
17/07/2015;0.16
18/07/2015;0.16
19/07/2015;0.31
20/07/2015;0.33
21/07/2015;0.23
22/07/2015;0.18
23/07/2015;0.18
24/07/2015;0.22
25/07/2015;0.22
26/07/2015;0.2
27/07/2015;0.19
28/07/2015;0.23
29/07/2015;0.18
30/07/2015;0.27
31/07/2015;0.32
01/08/2015;0.22
02/08/2015;0.23
03/08/2015;0.25
04/08/2015;0.21
05/08/2015;0.2
06/08/2015;0.22
07/08/2015;0.2
08/08/2015;0.24
09/08/2015;0.25
10/08/2015;0.21
11/08/2015;0.33
12/08/2015;0.23
13/08/2015;0.2
14/08/2015;0.32
15/08/2015;0.31
16/08/2015;0.25
17/08/2015;0.22
18/08/2015;0.26
19/08/2015;0.18
20/08/2015;0.2
21/08/2015;0.19
22/08/2015;0.19
23/08/2015;0.19
24/08/2015;0.18
25/08/2015;0.19
26/08/2015;0.19
27/08/2015;0.19
28/08/2015;0.2
29/08/2015;0.19
30/08/2015;0.19
31/08/2015;0.19
01/09/2015;0.2
02/09/2015;0.19
03/09/2015;0.22
04/09/2015;0.2
05/09/2015;0.22
06/09/2015;0.21
07/09/2015;0.19
08/09/2015;0.18
09/09/2015;0.17
10/09/2015;1.44
11/09/2015;0.18
12/09/2015;0.21
13/09/2015;0.2
14/09/2015;0.17
15/09/2015;0.16
16/09/2015;0.18
17/09/2015;0.18
18/09/2015;0.18
19/09/2015;0.18
20/09/2015;0.21
21/09/2015;0.2
22/09/2015;0.18
23/09/2015;0.19
24/09/2015;0.21
25/09/2015;0.18
26/09/2015;0.19
27/09/2015;0.2
28/09/2015;0.2
29/09/2015;0.2
30/09/2015;0.19
01/10/2015;0.21
02/10/2015;0.2
03/10/2015;0.2
04/10/2015;0.17
05/10/2015;0.18
06/10/2015;0.18
07/10/2015;0.19
08/10/2015;0.19
09/10/2015;0.2
10/10/2015;0.19
11/10/2015;0.18
12/10/2015;0.18
13/10/2015;0.2
14/10/2015;0.19
15/10/2015;0.21
16/10/2015;0.2
17/10/2015;0.2
18/10/2015;0.17
19/10/2015;0.17
20/10/2015;0.19
21/10/2015;0.19
22/10/2015;0.2
23/10/2015;0.18
24/10/2015;0.18
25/10/2015;0.19
26/10/2015;0.2
27/10/2015;0.17
28/10/2015;0.21
29/10/2015;0.2
30/10/2015;0
31/10/2015;0
01/11/2015;0
02/11/2015;0.11
03/11/2015;0.15
04/11/2015;0.08
05/11/2015;0.08
06/11/2015;0.07
07/11/2015;0.06
08/11/2015;0.05
09/11/2015;0
10/11/2015;0
11/11/2015;0
12/11/2015;0
13/11/2015;0
14/11/2015;0.05
15/11/2015;0.06
16/11/2015;0.06
17/11/2015;0.06
18/11/2015;0.06
19/11/2015;0.06
20/11/2015;0.06
21/11/2015;0.29
22/11/2015;0.31
23/11/2015;0.3
24/11/2015;0.27
25/11/2015;1.2
26/11/2015;NA
27/11/2015;1.33
28/11/2015;1.24
29/11/2015;1.18
30/11/2015;1.14
01/12/2015;1.12
02/12/2015;1.09
03/12/2015;1.06
04/12/2015;1.03
05/12/2015;1.04
06/12/2015;1.03
07/12/2015;1
08/12/2015;0.97
09/12/2015;0.99
10/12/2015;1
11/12/2015;0.99
12/12/2015;0.98
13/12/2015;0.97
14/12/2015;0.95
15/12/2015;0.94
16/12/2015;0.94
17/12/2015;0.94
18/12/2015;0.93
19/12/2015;0.93
20/12/2015;0.92
21/12/2015;0.92
22/12/2015;0.92
23/12/2015;0.91
24/12/2015;0.9
25/12/2015;0.89
26/12/2015;0.9
27/12/2015;0.9
28/12/2015;0.89
29/12/2015;0.89
30/12/2015;0.87
31/12/2015;0.9
01/01/2016;0.89
02/01/2016;0.93
03/01/2016;0.92
04/01/2016;0.91
05/01/2016;NA
06/01/2016;NA
07/01/2016;1.23
08/01/2016;1.17
09/01/2016;1.13
10/01/2016;1.09
11/01/2016;1.21
12/01/2016;1.27
13/01/2016;1.27
14/01/2016;1.24
15/01/2016;1.54
16/01/2016;1.6
17/01/2016;1.64
18/01/2016;1.67
19/01/2016;1.71
20/01/2016;1.65
21/01/2016;1.61
22/01/2016;1.57
23/01/2016;1.51
24/01/2016;1.48
25/01/2016;1.46
26/01/2016;1.45
27/01/2016;1.44
28/01/2016;NA
29/01/2016;NA
30/01/2016;NA
31/01/2016;NA
01/02/2016;NA
02/02/2016;NA
03/02/2016;NA
04/02/2016;NA
05/02/2016;1.43
06/02/2016;1.38
07/02/2016;1.7
08/02/2016;1.64
09/02/2016;1.64
10/02/2016;1.64
11/02/2016;1.63
12/02/2016;1.76
13/02/2016;1.8
14/02/2016;1.92
15/02/2016;2.47
16/02/2016;2.5
17/02/2016;2.26
18/02/2016;2.19
19/02/2016;2.11
20/02/2016;2.07
21/02/2016;2.04
22/02/2016;2.01
23/02/2016;1.95
24/02/2016;1.93
25/02/2016;1.9
26/02/2016;1.88
27/02/2016;1.96
28/02/2016;2.19
29/02/2016;2.37
01/03/2016;2.15
02/03/2016;2.2
03/03/2016;2.33
04/03/2016;2.31
05/03/2016;2.36
06/03/2016;2.5
07/03/2016;2.43
08/03/2016;2.41
09/03/2016;2.48
10/03/2016;2.44
11/03/2016;2.38
12/03/2016;2.35
13/03/2016;2.32
14/03/2016;2.29
15/03/2016;2.27
16/03/2016;2.42
17/03/2016;2.41
18/03/2016;2.35
19/03/2016;2.35
20/03/2016;2.32
21/03/2016;2.26
22/03/2016;2.29
23/03/2016;2.28
24/03/2016;2.27
25/03/2016;2.25
26/03/2016;2.21
27/03/2016;2.17
28/03/2016;2.1
29/03/2016;2.09
30/03/2016;2.06
31/03/2016;2.04
01/04/2016;2.03
02/04/2016;2.02
03/04/2016;2.02
04/04/2016;2.12
05/04/2016;2.23
06/04/2016;2.17
07/04/2016;2.15
08/04/2016;2.42
09/04/2016;2.48
10/04/2016;2.33
11/04/2016;2.36
12/04/2016;2.24
13/04/2016;2.23
14/04/2016;2.19
15/04/2016;2.15
16/04/2016;2.12
17/04/2016;2.08
18/04/2016;2.05
19/04/2016;2.02
20/04/2016;1.99
21/04/2016;2.03
22/04/2016;2
23/04/2016;1.97
24/04/2016;2.04
25/04/2016;2
26/04/2016;1.98
27/04/2016;1.95
28/04/2016;1.99
29/04/2016;1.96
30/04/2016;1.93
01/05/2016;2.05
02/05/2016;1.99
03/05/2016;1.94
04/05/2016;1.92
05/05/2016;1.86
06/05/2016;1.81
07/05/2016;1.78
08/05/2016;1.75
09/05/2016;1.71
10/05/2016;1.74
11/05/2016;1.72
12/05/2016;1.71
13/05/2016;1.7
14/05/2016;1.7
15/05/2016;1.61
16/05/2016;1.59
17/05/2016;1.51
18/05/2016;1.48
19/05/2016;1.46
20/05/2016;1.38
21/05/2016;1.34
22/05/2016;1.19
23/05/2016;1.18
24/05/2016;1.08
25/05/2016;1.03
26/05/2016;0.95
27/05/2016;0.82
28/05/2016;0.69
29/05/2016;0.63
30/05/2016;0.57
31/05/2016;0.57
01/06/2016;0.53
02/06/2016;0.45
03/06/2016;0.37
04/06/2016;0.34
05/06/2016;0.19
06/06/2016;0.1
07/06/2016;0.1
08/06/2016;0.1
09/06/2016;0.09
10/06/2016;0.09
11/06/2016;0.09
12/06/2016;0.1
13/06/2016;0.09
14/06/2016;0.1
15/06/2016;0.1
16/06/2016;0.11
17/06/2016;0.11
18/06/2016;0.1
19/06/2016;0.11
20/06/2016;0.1
21/06/2016;0.11
22/06/2016;0.1
23/06/2016;0.1
24/06/2016;0.1
25/06/2016;0.09
26/06/2016;0.09
27/06/2016;0.1
28/06/2016;0.11
29/06/2016;0.11
30/06/2016;0.1
01/07/2016;0.11
02/07/2016;0.11
03/07/2016;0.11
04/07/2016;0.11
05/07/2016;0.12
06/07/2016;0.11
07/07/2016;0.1
08/07/2016;0.11
09/07/2016;0.1
10/07/2016;0.12
11/07/2016;0.11
12/07/2016;0.13
13/07/2016;0.16
14/07/2016;0.13
15/07/2016;0.15
16/07/2016;0.15
17/07/2016;0.11
18/07/2016;0.12
19/07/2016;0.11
20/07/2016;0.1
21/07/2016;0.11
22/07/2016;0.11
23/07/2016;0.14
24/07/2016;0.11
25/07/2016;0.12
26/07/2016;0.12
27/07/2016;1.34
28/07/2016;0.1
29/07/2016;0.12
30/07/2016;0.1
31/07/2016;0.12
01/08/2016;0.1
02/08/2016;0.11
03/08/2016;0.1
04/08/2016;0.1
05/08/2016;0.1
06/08/2016;0.12
07/08/2016;0.71
08/08/2016;0.09
09/08/2016;0.12
10/08/2016;0.1
11/08/2016;0.1
12/08/2016;0.09
13/08/2016;0.1
14/08/2016;0.09
15/08/2016;0.09
16/08/2016;0.1
17/08/2016;0.1
18/08/2016;0.1
19/08/2016;0.09
20/08/2016;0.09
21/08/2016;0.09
22/08/2016;0.09
23/08/2016;0.09
24/08/2016;0.09
25/08/2016;0.09
26/08/2016;0.09
27/08/2016;0.1
28/08/2016;0.1
29/08/2016;0.1
30/08/2016;0.09
31/08/2016;0.09
01/09/2016;0.09
02/09/2016;0.09
03/09/2016;0.09
04/09/2016;0.09
05/09/2016;0.09
06/09/2016;0.1
07/09/2016;0.1
08/09/2016;0.1
09/09/2016;0.1
10/09/2016;0.1
11/09/2016;0.1
12/09/2016;0.09
13/09/2016;0.09
14/09/2016;0.12
15/09/2016;0.1
16/09/2016;0.1
17/09/2016;0.12
18/09/2016;0.11
19/09/2016;0.09
20/09/2016;0.09
21/09/2016;0.09
22/09/2016;0
23/09/2016;0
24/09/2016;0
25/09/2016;0
26/09/2016;0
27/09/2016;0
28/09/2016;0
29/09/2016;0
30/09/2016;0
01/10/2016;0
02/10/2016;0
03/10/2016;0
04/10/2016;0
05/10/2016;0
06/10/2016;0
07/10/2016;0
08/10/2016;0
09/10/2016;0
10/10/2016;0
11/10/2016;0
12/10/2016;0
13/10/2016;0
14/10/2016;0
15/10/2016;0
16/10/2016;0
17/10/2016;0
18/10/2016;0
19/10/2016;0
20/10/2016;0
21/10/2016;0
22/10/2016;0
23/10/2016;0
24/10/2016;0
25/10/2016;0
26/10/2016;0
27/10/2016;0
28/10/2016;0
29/10/2016;0
30/10/2016;0
31/10/2016;0
01/11/2016;0
02/11/2016;0
03/11/2016;0
04/11/2016;0
05/11/2016;0
06/11/2016;0.08
07/11/2016;0.07
08/11/2016;0.08
09/11/2016;0.14
10/11/2016;0.14
11/11/2016;0.16
12/11/2016;0.15
13/11/2016;0.15
14/11/2016;0.19
15/11/2016;0.17
16/11/2016;0.16
17/11/2016;0.16
18/11/2016;0.16
19/11/2016;0.16
20/11/2016;0.17
21/11/2016;0.16
22/11/2016;0.27
23/11/2016;0.41
24/11/2016;0.44
25/11/2016;0.4
26/11/2016;0.43
27/11/2016;0.43
28/11/2016;0.41
29/11/2016;0.41
30/11/2016;0.39
01/12/2016;0.39
02/12/2016;0.39
03/12/2016;0.39
04/12/2016;0.4
05/12/2016;0.39
06/12/2016;0.39
07/12/2016;0.4
08/12/2016;0.4
09/12/2016;0.4
10/12/2016;0.4
11/12/2016;0.4
12/12/2016;0.39
13/12/2016;0.39
14/12/2016;0.39
15/12/2016;0.4
16/12/2016;0.41
17/12/2016;0.41
18/12/2016;0.41
19/12/2016;0.41
20/12/2016;0.45
21/12/2016;0.46
22/12/2016;0.45
23/12/2016;0.44
24/12/2016;0.44
25/12/2016;0.45
26/12/2016;0.44
27/12/2016;0.45
28/12/2016;0.44
29/12/2016;0.45
30/12/2016;0.44
31/12/2016;0.44
01/01/2017;0.44
02/01/2017;0.44
03/01/2017;0.44
04/01/2017;0.44
05/01/2017;0.44
06/01/2017;0.42
07/01/2017;0.42
08/01/2017;0.43
09/01/2017;0.43
10/01/2017;0.68
11/01/2017;0.68
12/01/2017;0.62
13/01/2017;1.46
14/01/2017;1.37
15/01/2017;1.8
16/01/2017;2.2
17/01/2017;2.05
18/01/2017;1.89
19/01/2017;1.79
20/01/2017;1.72
21/01/2017;1.67
22/01/2017;1.63
23/01/2017;1.58
24/01/2017;1.55
25/01/2017;1.61
26/01/2017;1.67
27/01/2017;1.6
28/01/2017;1.57
29/01/2017;1.53
30/01/2017;1.52
31/01/2017;1.51
01/02/2017;1.47
02/02/2017;1.47
03/02/2017;1.47
04/02/2017;1.52
05/02/2017;2.09
06/02/2017;2.36
07/02/2017;2.36
08/02/2017;2.36
09/02/2017;2.25
10/02/2017;2.21
11/02/2017;2.17
12/02/2017;2.14
13/02/2017;2.07
14/02/2017;2.14
15/02/2017;2.1
16/02/2017;2.09
17/02/2017;2.08
18/02/2017;2.08
19/02/2017;2.06
20/02/2017;2.05
21/02/2017;2.04
22/02/2017;2.03
23/02/2017;2.02
24/02/2017;2
25/02/2017;1.98
26/02/2017;1.95
27/02/2017;1.95
28/02/2017;1.97
01/03/2017;1.97
02/03/2017;1.96
03/03/2017;2.01
04/03/2017;2.35
05/03/2017;2.32
06/03/2017;2.28
07/03/2017;2.39
08/03/2017;2.35
09/03/2017;2.3
10/03/2017;2.27
11/03/2017;2.23
12/03/2017;2.21
13/03/2017;2.22
14/03/2017;2.18
15/03/2017;2.16
16/03/2017;2.14
17/03/2017;2.11
18/03/2017;2.1
19/03/2017;2.07
20/03/2017;2.06
21/03/2017;2.03
22/03/2017;2.02
23/03/2017;2.07
24/03/2017;2.24
25/03/2017;2.37
26/03/2017;2.34
27/03/2017;2.39
28/03/2017;2.37
29/03/2017;2.32
30/03/2017;2.29
31/03/2017;2.23
01/04/2017;2.3
02/04/2017;2.5
03/04/2017;2.46
04/04/2017;2.41
05/04/2017;2.45
06/04/2017;2.44
07/04/2017;2.39
08/04/2017;2.35
09/04/2017;2.31
10/04/2017;2.28
11/04/2017;2.23
12/04/2017;2.19
13/04/2017;2.14
14/04/2017;2.09
15/04/2017;2.05
16/04/2017;2.04
17/04/2017;1.99
18/04/2017;1.95
19/04/2017;1.91
20/04/2017;1.9
21/04/2017;1.88
22/04/2017;1.84
23/04/2017;1.8
24/04/2017;1.77
25/04/2017;1.73
26/04/2017;1.75
27/04/2017;1.98
28/04/2017;1.95
29/04/2017;1.84
30/04/2017;1.79
01/05/2017;1.8
02/05/2017;1.76
03/05/2017;1.73
04/05/2017;1.7
05/05/2017;1.66
06/05/2017;1.56
07/05/2017;1.5
08/05/2017;1.45
09/05/2017;1.4
10/05/2017;1.36
11/05/2017;1.34
12/05/2017;1.33
13/05/2017;1.26
14/05/2017;1.22
15/05/2017;1.16
16/05/2017;1.1
17/05/2017;1.03
18/05/2017;0.96
19/05/2017;0.93
20/05/2017;0.91
21/05/2017;0.86
22/05/2017;0.79
23/05/2017;0.73
24/05/2017;0.66
25/05/2017;0.58
26/05/2017;0.48
27/05/2017;0.41
28/05/2017;0.32
29/05/2017;0.2
30/05/2017;0.11
31/05/2017;0.09
01/06/2017;0
02/06/2017;0
03/06/2017;0
04/06/2017;0
05/06/2017;0
06/06/2017;0
07/06/2017;0
08/06/2017;0
09/06/2017;0
10/06/2017;0
11/06/2017;0
12/06/2017;0
13/06/2017;0
14/06/2017;0
15/06/2017;0
16/06/2017;0
17/06/2017;0
18/06/2017;0
19/06/2017;0
20/06/2017;0
21/06/2017;0
22/06/2017;0
23/06/2017;0
24/06/2017;0
25/06/2017;0
26/06/2017;0
27/06/2017;0
28/06/2017;0
29/06/2017;0
30/06/2017;0
01/07/2017;0.05
02/07/2017;0
03/07/2017;0
04/07/2017;0.05
05/07/2017;0
06/07/2017;0.05
07/07/2017;0
08/07/2017;0
09/07/2017;0
10/07/2017;0
11/07/2017;0.05
12/07/2017;0
13/07/2017;0
14/07/2017;0.05
15/07/2017;0
16/07/2017;0
17/07/2017;0
18/07/2017;0
19/07/2017;0
20/07/2017;0
21/07/2017;0
22/07/2017;0
23/07/2017;0
24/07/2017;0
25/07/2017;0
26/07/2017;0
27/07/2017;0
28/07/2017;0
29/07/2017;0
30/07/2017;0
31/07/2017;0
01/08/2017;0
02/08/2017;0
03/08/2017;0
04/08/2017;0
05/08/2017;0
06/08/2017;0
07/08/2017;0
08/08/2017;0
09/08/2017;0
10/08/2017;0
11/08/2017;0
12/08/2017;0
13/08/2017;0
14/08/2017;0
15/08/2017;0
16/08/2017;0
17/08/2017;0
18/08/2017;0
19/08/2017;0
20/08/2017;0
21/08/2017;0
22/08/2017;0
23/08/2017;0
24/08/2017;0
25/08/2017;0
26/08/2017;0
27/08/2017;0
28/08/2017;0
29/08/2017;0
30/08/2017;0
31/08/2017;1.44
01/09/2017;0
02/09/2017;0
03/09/2017;0
04/09/2017;0
05/09/2017;0
06/09/2017;0
07/09/2017;0
08/09/2017;0
09/09/2017;0
10/09/2017;0
11/09/2017;0
12/09/2017;0
13/09/2017;0
14/09/2017;0
15/09/2017;1.32
16/09/2017;0.09
17/09/2017;0.06
18/09/2017;0
19/09/2017;0
20/09/2017;0
21/09/2017;0
22/09/2017;0
23/09/2017;0
24/09/2017;0
25/09/2017;0
26/09/2017;0
27/09/2017;0
28/09/2017;0
29/09/2017;0
30/09/2017;0
01/10/2017;0
02/10/2017;0
03/10/2017;0
04/10/2017;0
05/10/2017;0
06/10/2017;0
07/10/2017;0
08/10/2017;0
09/10/2017;0
10/10/2017;0
11/10/2017;0
12/10/2017;0
13/10/2017;0
14/10/2017;0
15/10/2017;0
16/10/2017;0
17/10/2017;0
18/10/2017;0
19/10/2017;0
20/10/2017;0
21/10/2017;0
22/10/2017;0
23/10/2017;0
24/10/2017;0
25/10/2017;0
26/10/2017;0
27/10/2017;0
28/10/2017;0
29/10/2017;0
30/10/2017;0
31/10/2017;0
01/11/2017;0
02/11/2017;0
03/11/2017;0
04/11/2017;0
05/11/2017;0.22
06/11/2017;0.45
07/11/2017;0.42
08/11/2017;0.34
09/11/2017;0.57
10/11/2017;0.53
11/11/2017;0.44
12/11/2017;0.4
13/11/2017;0.5
14/11/2017;0.47
15/11/2017;0.45
16/11/2017;0.43
17/11/2017;0.42
18/11/2017;0.4
19/11/2017;0.4
20/11/2017;0.4
21/11/2017;0.39
22/11/2017;0.39
23/11/2017;0.39
24/11/2017;0.38
25/11/2017;0.38
26/11/2017;0.37
27/11/2017;0.37
28/11/2017;0.37
29/11/2017;0.43
30/11/2017;0.43
01/12/2017;0.82
02/12/2017;1.24
03/12/2017;1.09
04/12/2017;0.91
05/12/2017;0.86
06/12/2017;0.8
07/12/2017;0.77
08/12/2017;0.74
09/12/2017;0.74
10/12/2017;0.77
11/12/2017;0.8
12/12/2017;0.79
13/12/2017;0.78
14/12/2017;0.77
15/12/2017;0.9
16/12/2017;1.32
17/12/2017;1.32
18/12/2017;1.14
19/12/2017;1.12
20/12/2017;1.08
21/12/2017;1.07
22/12/2017;1.05
23/12/2017;1.02
24/12/2017;1.01
25/12/2017;1
26/12/2017;0.98
27/12/2017;1.45
28/12/2017;1.72
29/12/2017;1.79
30/12/2017;1.7
31/12/2017;1.62
01/01/2018;1.68
02/01/2018;1.67
03/01/2018;1.58
04/01/2018;1.49
05/01/2018;1.42
06/01/2018;1.46
07/01/2018;1.95
08/01/2018;1.94
09/01/2018;1.79
10/01/2018;1.74
11/01/2018;1.73
12/01/2018;1.71
13/01/2018;1.67
14/01/2018;1.67
15/01/2018;1.64
16/01/2018;1.71
17/01/2018;1.68
18/01/2018;1.65
19/01/2018;1.63
20/01/2018;1.69
21/01/2018;1.67
22/01/2018;1.64
23/01/2018;1.62
24/01/2018;1.6
25/01/2018;1.59
26/01/2018;2.13
27/01/2018;2.1
28/01/2018;1.99
29/01/2018;1.94
30/01/2018;1.89
31/01/2018;1.86
01/02/2018;1.84
02/02/2018;2.09
03/02/2018;2.21
04/02/2018;2.29
05/02/2018;2.41
06/02/2018;2.35
07/02/2018;2.29
08/02/2018;2.24
09/02/2018;2.35
10/02/2018;2.55
11/02/2018;2.54
12/02/2018;2.5
13/02/2018;2.52
14/02/2018;2.63
15/02/2018;2.63
16/02/2018;2.52
17/02/2018;2.45
18/02/2018;2.48
19/02/2018;2.69
20/02/2018;3.1
21/02/2018;3.16
22/02/2018;3.14
23/02/2018;3.07
24/02/2018;2.98
25/02/2018;2.94
26/02/2018;2.9
27/02/2018;2.87
28/02/2018;3.12
01/03/2018;3.14
02/03/2018;3.17
03/03/2018;3.13
04/03/2018;3.09
05/03/2018;3.05
06/03/2018;3.05
07/03/2018;3.05
08/03/2018;3.03
09/03/2018;3
10/03/2018;2.97
11/03/2018;2.97
12/03/2018;2.91
13/03/2018;2.9
14/03/2018;2.87
15/03/2018;2.98
16/03/2018;2.96
17/03/2018;3.04
18/03/2018;3.15
19/03/2018;3.21
20/03/2018;3.52
21/03/2018;3.6
22/03/2018;3.49
23/03/2018;3.37
24/03/2018;3.4
25/03/2018;3.38
26/03/2018;3.41
27/03/2018;3.36
28/03/2018;3.29
29/03/2018;3.27
30/03/2018;3.21
31/03/2018;3.39
01/04/2018;3.4
02/04/2018;3.33
03/04/2018;3.27
04/04/2018;3.28
05/04/2018;3.22
06/04/2018;3.18
07/04/2018;3.13
08/04/2018;3.24
09/04/2018;3.23
10/04/2018;3.2
11/04/2018;3.4
12/04/2018;3.38
13/04/2018;3.31
14/04/2018;3.3
15/04/2018;3.27
16/04/2018;3.19
17/04/2018;3.15
18/04/2018;3.1
19/04/2018;3.05
20/04/2018;3
21/04/2018;2.98
22/04/2018;2.94
23/04/2018;2.88
24/04/2018;2.83
25/04/2018;2.75
26/04/2018;2.69
27/04/2018;2.63
28/04/2018;2.56
29/04/2018;2.6
30/04/2018;2.66
01/05/2018;2.65
02/05/2018;2.59
03/05/2018;2.85
04/05/2018;2.87
05/05/2018;2.77
06/05/2018;2.7
07/05/2018;2.65
08/05/2018;2.59
09/05/2018;2.55
10/05/2018;2.48
11/05/2018;2.43
12/05/2018;2.57
13/05/2018;2.59
14/05/2018;2.77
15/05/2018;2.74
16/05/2018;2.69
17/05/2018;2.57
18/05/2018;2.49
19/05/2018;2.45
20/05/2018;2.4
21/05/2018;2.38
22/05/2018;2.33
23/05/2018;2.28
24/05/2018;2.21
25/05/2018;2.15
26/05/2018;2.04
27/05/2018;1.96
28/05/2018;1.89
29/05/2018;1.86
30/05/2018;1.81
31/05/2018;1.77
01/06/2018;1.72
02/06/2018;1.68
03/06/2018;1.62
04/06/2018;1.58
05/06/2018;1.53
06/06/2018;1.49
07/06/2018;1.47
08/06/2018;1.43
09/06/2018;1.36
10/06/2018;1.23
11/06/2018;1.15
12/06/2018;1.07
13/06/2018;0.99
14/06/2018;0.92
15/06/2018;0.82
16/06/2018;0.73
17/06/2018;0.62
18/06/2018;0.52
19/06/2018;0.39
20/06/2018;0.28
21/06/2018;0.18
22/06/2018;0
23/06/2018;0
24/06/2018;0
25/06/2018;0
26/06/2018;0
27/06/2018;0
28/06/2018;0
29/06/2018;0
30/06/2018;0
01/07/2018;0
02/07/2018;0
03/07/2018;0
04/07/2018;0
05/07/2018;0
06/07/2018;0
07/07/2018;0
08/07/2018;0
09/07/2018;0
10/07/2018;0
11/07/2018;0.05
12/07/2018;0
13/07/2018;0.05
14/07/2018;0.05
15/07/2018;0.05
16/07/2018;0.07
17/07/2018;0.06
18/07/2018;0.06
19/07/2018;0.07
20/07/2018;0.09
21/07/2018;0.08
22/07/2018;0.07
23/07/2018;0.11
24/07/2018;0.07
25/07/2018;0.07
26/07/2018;0.07
27/07/2018;0.07
28/07/2018;0.06
29/07/2018;0.07
30/07/2018;0.07
31/07/2018;0.06
01/08/2018;0
02/08/2018;0.08
03/08/2018;0.06
04/08/2018;0.07
05/08/2018;0.07
06/08/2018;0.07
07/08/2018;0.07
08/08/2018;0.07
09/08/2018;0.05
10/08/2018;0.07
11/08/2018;0.07
12/08/2018;0.06
13/08/2018;0.06
14/08/2018;0.06
15/08/2018;0.05
16/08/2018;0.06
17/08/2018;0.08
18/08/2018;0
19/08/2018;0.05
20/08/2018;0.05
21/08/2018;0
22/08/2018;0
23/08/2018;0
24/08/2018;0
25/08/2018;0.05
26/08/2018;0
27/08/2018;0
28/08/2018;0
29/08/2018;0
30/08/2018;0
31/08/2018;0
01/09/2018;0
02/09/2018;0.05
03/09/2018;0
04/09/2018;0
05/09/2018;0
06/09/2018;0
07/09/2018;0
08/09/2018;0
09/09/2018;0
10/09/2018;0
11/09/2018;0
12/09/2018;0
13/09/2018;0
14/09/2018;0
15/09/2018;0
16/09/2018;0
17/09/2018;0
18/09/2018;0
19/09/2018;0
20/09/2018;0
21/09/2018;0
22/09/2018;0
23/09/2018;0
24/09/2018;NA
25/09/2018;NA
26/09/2018;NA
27/09/2018;NA
28/09/2018;NA
29/09/2018;NA
30/09/2018;NA
01/10/2018;NA
02/10/2018;NA
03/10/2018;NA
04/10/2018;NA
05/10/2018;NA
06/10/2018;NA
07/10/2018;NA
08/10/2018;NA
09/10/2018;NA
10/10/2018;NA
11/10/2018;NA
12/10/2018;NA
13/10/2018;NA
14/10/2018;NA
15/10/2018;NA
16/10/2018;NA
17/10/2018;NA
18/10/2018;NA
19/10/2018;NA
20/10/2018;NA
21/10/2018;NA
22/10/2018;NA
23/10/2018;NA
24/10/2018;NA
25/10/2018;0
26/10/2018;0
27/10/2018;0.15
28/10/2018;0.17
29/10/2018;0.14
30/10/2018;0.15
31/10/2018;0.21
01/11/2018;0.23
02/11/2018;0.21
03/11/2018;0.18
04/11/2018;0.18
05/11/2018;0.21
06/11/2018;0.27
07/11/2018;0.24
08/11/2018;0.21
09/11/2018;0.3
10/11/2018;0.27
11/11/2018;0.26
12/11/2018;0.22
13/11/2018;0.18
14/11/2018;0.17
15/11/2018;0.18
16/11/2018;0.14
17/11/2018;0.14
18/11/2018;0.12
19/11/2018;0.14
20/11/2018;0.28
21/11/2018;0.27
22/11/2018;0.23
23/11/2018;0.31
24/11/2018;0.31
25/11/2018;0.3
26/11/2018;0.48
27/11/2018;0.5
28/11/2018;0.42
29/11/2018;0.39
30/11/2018;0.5
01/12/2018;0.49
02/12/2018;0.47
03/12/2018;0.42
04/12/2018;0.4
05/12/2018;0.39
06/12/2018;0.39
07/12/2018;0.39
08/12/2018;0.38
09/12/2018;0.38
10/12/2018;0.38
11/12/2018;0.38
12/12/2018;0.39
13/12/2018;0.49
14/12/2018;0.53
15/12/2018;0.51
16/12/2018;0.56
17/12/2018;0.64
18/12/2018;0.62
19/12/2018;0.6
20/12/2018;0.58
21/12/2018;0.57
22/12/2018;0.57
23/12/2018;0.56
24/12/2018;0.56
25/12/2018;0.55
26/12/2018;0.55
27/12/2018;0.54
28/12/2018;0.54
29/12/2018;0.54
30/12/2018;0.53
31/12/2018;0.53
01/01/2019;0.54
02/01/2019;0.53
03/01/2019;0.52
04/01/2019;0.5
05/01/2019;0.5
06/01/2019;0.49
07/01/2019;0.49
08/01/2019;0.49
09/01/2019;0.56
10/01/2019;0.72
11/01/2019;0.66
12/01/2019;0.61
13/01/2019;0.59
14/01/2019;0.58
15/01/2019;0.57
16/01/2019;0.57
17/01/2019;0.57
18/01/2019;0.56
19/01/2019;0.56
20/01/2019;0.62
21/01/2019;0.75
22/01/2019;0.76
23/01/2019;1.59
24/01/2019;1.88
25/01/2019;1.69
26/01/2019;1.63
27/01/2019;1.94
28/01/2019;2.1
29/01/2019;2.16
30/01/2019;2.24
31/01/2019;2.13
01/02/2019;2.18
02/02/2019;2.32
03/02/2019;2.1
04/02/2019;1.8
05/02/2019;1.89
06/02/2019;1.86
07/02/2019;1.83
08/02/2019;1.81
09/02/2019;1.79
10/02/2019;1.78
11/02/2019;1.75
12/02/2019;1.72
13/02/2019;1.69
14/02/2019;1.68
15/02/2019;1.67
16/02/2019;1.65
17/02/2019;1.65
18/02/2019;1.63
19/02/2019;1.62
20/02/2019;1.62
21/02/2019;1.59
22/02/2019;1.59
23/02/2019;1.57
24/02/2019;1.56
25/02/2019;1.55
26/02/2019;1.54
27/02/2019;1.53
28/02/2019;1.52
01/03/2019;1.51
02/03/2019;1.51
03/03/2019;1.51
04/03/2019;1.5
05/03/2019;1.5
06/03/2019;1.55
07/03/2019;1.54
08/03/2019;1.53
09/03/2019;1.53
10/03/2019;1.51
11/03/2019;1.48
12/03/2019;1.48
13/03/2019;1.54
14/03/2019;1.52
15/03/2019;1.46
16/03/2019;1.46
17/03/2019;1.45
18/03/2019;1.46
19/03/2019;1.5
20/03/2019;1.52
21/03/2019;1.5
22/03/2019;1.48
23/03/2019;1.47
24/03/2019;1.45
25/03/2019;1.44
26/03/2019;1.44
27/03/2019;1.43
28/03/2019;1.44
29/03/2019;1.43
30/03/2019;1.43
31/03/2019;1.42
01/04/2019;1.42
02/04/2019;1.45
03/04/2019;1.59
04/04/2019;1.59
05/04/2019;1.62
06/04/2019;1.71
07/04/2019;1.7
08/04/2019;1.64
09/04/2019;1.6
10/04/2019;1.78
11/04/2019;2.06
12/04/2019;2.05
13/04/2019;1.99
14/04/2019;1.96
15/04/2019;1.87
16/04/2019;1.76
17/04/2019;1.71
18/04/2019;1.66
19/04/2019;1.62
20/04/2019;1.54
21/04/2019;1.54
22/04/2019;1.49
23/04/2019;1.46
24/04/2019;1.57
25/04/2019;1.7
26/04/2019;1.61
27/04/2019;1.6
28/04/2019;1.55
29/04/2019;1.51
30/04/2019;1.51
01/05/2019;1.47
02/05/2019;1.44
03/05/2019;1.47
04/05/2019;1.6
05/05/2019;1.54
06/05/2019;1.48
07/05/2019;1.44
08/05/2019;1.4
09/05/2019;1.34
10/05/2019;1.3
11/05/2019;1.24
12/05/2019;1.16
13/05/2019;1.12
14/05/2019;1.06
15/05/2019;1
16/05/2019;0.96
17/05/2019;0.92
18/05/2019;0.93
19/05/2019;0.92
20/05/2019;0.92
21/05/2019;0.88
22/05/2019;0.83
23/05/2019;0.81
24/05/2019;0.77
25/05/2019;0.8
26/05/2019;0.74
27/05/2019;0.71
28/05/2019;0.64
29/05/2019;0.57
30/05/2019;0.53
31/05/2019;0.49
01/06/2019;0.4
02/06/2019;0.32
03/06/2019;0.24
04/06/2019;0
05/06/2019;0
06/06/2019;0
07/06/2019;0
08/06/2019;0
09/06/2019;0
10/06/2019;0
11/06/2019;0.12
12/06/2019;0.1
13/06/2019;0
14/06/2019;0
15/06/2019;0
16/06/2019;0
17/06/2019;0.05
18/06/2019;0.06
19/06/2019;0
20/06/2019;0
21/06/2019;0
22/06/2019;0
23/06/2019;0
24/06/2019;0
25/06/2019;0
26/06/2019;0
27/06/2019;0.06
28/06/2019;0
29/06/2019;0
30/06/2019;0.05
01/07/2019;0.05
02/07/2019;0.09
03/07/2019;0.07
04/07/2019;0.07
05/07/2019;0.06
06/07/2019;0.05
07/07/2019;0.07
08/07/2019;0.1
09/07/2019;0.09
10/07/2019;0.09
11/07/2019;0.05
12/07/2019;0
13/07/2019;0
14/07/2019;0
15/07/2019;0.05
16/07/2019;0
17/07/2019;0.05
18/07/2019;0
19/07/2019;0.07
20/07/2019;0
21/07/2019;0.06
22/07/2019;0.05
23/07/2019;0
24/07/2019;0.05
25/07/2019;0
26/07/2019;0.05
27/07/2019;0.12
28/07/2019;0.08
29/07/2019;0.05
30/07/2019;0.08
31/07/2019;0.05
01/08/2019;0
02/08/2019;0.05
03/08/2019;0.06
04/08/2019;0.05
05/08/2019;0
06/08/2019;0
07/08/2019;0.06
08/08/2019;0.05
09/08/2019;0
10/08/2019;0
11/08/2019;0
12/08/2019;0
13/08/2019;0
14/08/2019;0
15/08/2019;0
16/08/2019;0
17/08/2019;0
18/08/2019;0
19/08/2019;0.08
20/08/2019;0.07
21/08/2019;0
22/08/2019;0
23/08/2019;0
24/08/2019;0
25/08/2019;0
26/08/2019;0
27/08/2019;0
28/08/2019;0
29/08/2019;0
30/08/2019;0.05
31/08/2019;0.05
01/09/2019;0
02/09/2019;0
03/09/2019;0
04/09/2019;0
05/09/2019;0
06/09/2019;0.05
07/09/2019;0.07
08/09/2019;0.05
09/09/2019;0
10/09/2019;0.17
11/09/2019;0.09
12/09/2019;0.05
13/09/2019;0
14/09/2019;0
15/09/2019;0
16/09/2019;0
17/09/2019;0
18/09/2019;0.06
19/09/2019;0.06
20/09/2019;0
21/09/2019;0.05
22/09/2019;0
23/09/2019;0
24/09/2019;0
25/09/2019;0
26/09/2019;0
27/09/2019;0
28/09/2019;0
29/09/2019;0
30/09/2019;0
01/10/2019;0
02/10/2019;0.05
03/10/2019;0.06
04/10/2019;0
05/10/2019;0
06/10/2019;0.07
07/10/2019;0.05
08/10/2019;0.05
09/10/2019;0
10/10/2019;0
11/10/2019;0.05
12/10/2019;0
13/10/2019;0.05
14/10/2019;0
15/10/2019;0
16/10/2019;0
17/10/2019;0
18/10/2019;0
19/10/2019;0
20/10/2019;0.05
21/10/2019;0.06
22/10/2019;0.11
23/10/2019;0.17
24/10/2019;0.11
25/10/2019;0
26/10/2019;0
27/10/2019;0
28/10/2019;0
29/10/2019;0
30/10/2019;0
31/10/2019;0
01/11/2019;0
02/11/2019;0
03/11/2019;0.14
04/11/2019;0.12
05/11/2019;0.11
06/11/2019;0.14
07/11/2019;0.2
08/11/2019;0.29
09/11/2019;0.34
10/11/2019;0.38
11/11/2019;0.47
12/11/2019;0.44
13/11/2019;0.39
14/11/2019;0.58
15/11/2019;0.56
16/11/2019;0.51
17/11/2019;0.55
18/11/2019;0.53
19/11/2019;0.51
20/11/2019;0.48
21/11/2019;0.47
22/11/2019;0.61
23/11/2019;0.65
24/11/2019;0.61
25/11/2019;0.56
26/11/2019;0.54
27/11/2019;0.49
28/11/2019;0.45
29/11/2019;0.47
30/11/2019;0.47
01/12/2019;0.49
02/12/2019;0.47
03/12/2019;0.46
04/12/2019;0.47
05/12/2019;0.48
06/12/2019;0.46
07/12/2019;0.46
08/12/2019;0.47
09/12/2019;0.87
10/12/2019;0.89
11/12/2019;1.11
12/12/2019;1.39
13/12/2019;1.48
14/12/2019;1.43
15/12/2019;1.31
16/12/2019;1.25
17/12/2019;1.28
18/12/2019;1.21
19/12/2019;1.18
20/12/2019;1.28
21/12/2019;1.29
22/12/2019;1.48
23/12/2019;1.67
24/12/2019;1.59
25/12/2019;1.53
26/12/2019;1.48
27/12/2019;1.45
28/12/2019;1.42
29/12/2019;1.4
30/12/2019;1.38
31/12/2019;1.36
01/01/2020;1.33
02/01/2020;1.33
03/01/2020;1.3
04/01/2020;1.29
05/01/2020;1.28
06/01/2020;1.26
07/01/2020;1.26
08/01/2020;1.24
09/01/2020;1.24
10/01/2020;1.36
11/01/2020;1.33
12/01/2020;1.3
13/01/2020;1.29
14/01/2020;1.29
15/01/2020;1.28
16/01/2020;1.26
17/01/2020;1.37
18/01/2020;1.37
19/01/2020;1.42
20/01/2020;1.39
21/01/2020;1.19
22/01/2020;1.88
23/01/2020;2.19
24/01/2020;2.05
25/01/2020;1.97
26/01/2020;1.91
27/01/2020;1.87
28/01/2020;1.85
29/01/2020;1.82
30/01/2020;1.79
31/01/2020;1.75
01/02/2020;1.71
02/02/2020;1.69
03/02/2020;1.65
04/02/2020;1.63
05/02/2020;1.62
06/02/2020;1.61
07/02/2020;1.6
08/02/2020;1.6
09/02/2020;1.59
10/02/2020;1.62
11/02/2020;1.61
12/02/2020;1.59
13/02/2020;1.59
14/02/2020;1.58
15/02/2020;1.57
16/02/2020;1.57
17/02/2020;1.57
18/02/2020;1.55
19/02/2020;1.54
20/02/2020;1.53
21/02/2020;1.52
22/02/2020;1.52
23/02/2020;1.51
24/02/2020;1.51
25/02/2020;1.51
26/02/2020;1.5
27/02/2020;1.64
28/02/2020;1.66
29/02/2020;1.63
01/03/2020;1.64
02/03/2020;2.12
03/03/2020;2.48
04/03/2020;2.44
05/03/2020;2.29
06/03/2020;2.44
07/03/2020;2.82
08/03/2020;2.59
09/03/2020;2.64
10/03/2020;2.55
11/03/2020;2.44
12/03/2020;2.4
13/03/2020;2.32
14/03/2020;2.22
15/03/2020;2.2
16/03/2020;2.39
17/03/2020;2.38
18/03/2020;2.23
19/03/2020;2.21
20/03/2020;2.14
21/03/2020;2.14
22/03/2020;2.13
23/03/2020;2.13
24/03/2020;2.11
25/03/2020;2.25
26/03/2020;2.37
27/03/2020;2.32
28/03/2020;2.2
29/03/2020;2.19
30/03/2020;2.2
31/03/2020;2.17
01/04/2020;2.15
02/04/2020;2.16
03/04/2020;2.13
04/04/2020;2.11
05/04/2020;2.09
06/04/2020;2.09
07/04/2020;2.07
08/04/2020;2.05
09/04/2020;2.04
10/04/2020;2
11/04/2020;1.94
12/04/2020;1.91
13/04/2020;1.92
14/04/2020;1.91
15/04/2020;1.87
16/04/2020;1.84
17/04/2020;1.78
18/04/2020;1.73
19/04/2020;1.68
20/04/2020;1.65
21/04/2020;1.62
22/04/2020;1.63
23/04/2020;1.57
24/04/2020;1.55
25/04/2020;1.51
26/04/2020;1.5
27/04/2020;1.47
28/04/2020;1.47
29/04/2020;1.43
30/04/2020;1.39
01/05/2020;1.38
02/05/2020;1.32
03/05/2020;1.27
04/05/2020;1.21
05/05/2020;1.07
06/05/2020;0.95
07/05/2020;0.89
08/05/2020;0.8
09/05/2020;0.72
10/05/2020;0.65
11/05/2020;0.63
12/05/2020;0.6
13/05/2020;0.52
14/05/2020;0.49
15/05/2020;0.48
16/05/2020;0.46
17/05/2020;0.46
18/05/2020;0.35
19/05/2020;0.28
20/05/2020;0.21
21/05/2020;0.1
22/05/2020;0
23/05/2020;0.05
24/05/2020;0
25/05/2020;0.06
26/05/2020;0.06
27/05/2020;0.06
28/05/2020;0.07
29/05/2020;0.06
30/05/2020;0.06
31/05/2020;0.06
01/06/2020;0.06
02/06/2020;0.05
03/06/2020;0.05
04/06/2020;0.07
05/06/2020;0.06
06/06/2020;0.06
07/06/2020;0.09
08/06/2020;0.08
09/06/2020;0.08
10/06/2020;0.08
11/06/2020;0.08
12/06/2020;0.07
13/06/2020;0.08
14/06/2020;0.07
15/06/2020;0.07
16/06/2020;0.09
17/06/2020;0.06
18/06/2020;0.05
19/06/2020;0
20/06/2020;0.06
21/06/2020;0.06
22/06/2020;0.06
23/06/2020;0.08
24/06/2020;0.09
25/06/2020;0.07
26/06/2020;0.05
27/06/2020;0.1
28/06/2020;0
29/06/2020;0.07
30/06/2020;0.07
01/07/2020;0
02/07/2020;0.1
03/07/2020;0.11
04/07/2020;0.09
05/07/2020;0.06
06/07/2020;0.08
07/07/2020;0.16
08/07/2020;0.07
09/07/2020;0.07
10/07/2020;0.05
11/07/2020;0
12/07/2020;0.06
13/07/2020;0.1
14/07/2020;0.12
15/07/2020;0
16/07/2020;0
17/07/2020;0.08
18/07/2020;0.06
19/07/2020;0.05
20/07/2020;0.07
21/07/2020;0.07
22/07/2020;0
23/07/2020;0
24/07/2020;0
25/07/2020;0
26/07/2020;0
27/07/2020;0
28/07/2020;0
29/07/2020;0
30/07/2020;0.06
31/07/2020;0
01/08/2020;0.06
02/08/2020;0
03/08/2020;0
04/08/2020;0.11
05/08/2020;0.05
06/08/2020;0
07/08/2020;0
08/08/2020;0
09/08/2020;0
10/08/2020;0
11/08/2020;0
12/08/2020;0.05
13/08/2020;0.06
14/08/2020;0.05
15/08/2020;0.05
16/08/2020;0
17/08/2020;0.05
18/08/2020;0.06
19/08/2020;0.07
20/08/2020;0
21/08/2020;0
22/08/2020;0
23/08/2020;0
24/08/2020;0
25/08/2020;0
26/08/2020;0.05
27/08/2020;0.05
28/08/2020;0.06
29/08/2020;0.08
30/08/2020;0.06
31/08/2020;0.07
01/09/2020;0.06
02/09/2020;0.05
03/09/2020;0.05
04/09/2020;0
05/09/2020;0.05
06/09/2020;0.05
07/09/2020;0.05
08/09/2020;0
09/09/2020;0.06
10/09/2020;0.05
11/09/2020;0.06
12/09/2020;0
13/09/2020;0
14/09/2020;0
15/09/2020;0.05
16/09/2020;0.05
17/09/2020;0
18/09/2020;0
19/09/2020;0
20/09/2020;0
21/09/2020;0.05
22/09/2020;0.05
23/09/2020;0.05
24/09/2020;0
25/09/2020;0.3
26/09/2020;0.34
27/09/2020;0.24
28/09/2020;0.22
29/09/2020;0.18
30/09/2020;0.14
01/10/2020;0.1
02/10/2020;0.17
03/10/2020;0.17
04/10/2020;0.16
05/10/2020;0.12
06/10/2020;0.1
07/10/2020;0
08/10/2020;0.05
09/10/2020;0
10/10/2020;0.05
11/10/2020;0.22
12/10/2020;0.25
13/10/2020;0.23
14/10/2020;0.23
15/10/2020;0.25
16/10/2020;0.23
17/10/2020;0.22
18/10/2020;0.22
19/10/2020;NA
20/10/2020;NA
21/10/2020;NA
22/10/2020;NA
23/10/2020;NA
24/10/2020;NA
25/10/2020;NA
26/10/2020;NA
27/10/2020;NA
28/10/2020;NA
29/10/2020;NA
30/10/2020;NA
31/10/2020;NA
01/11/2020;0.06
02/11/2020;0.09
03/11/2020;0.05
04/11/2020;0.19
05/11/2020;0.18
06/11/2020;0.15
07/11/2020;0.06
08/11/2020;0.05
09/11/2020;0.05
10/11/2020;0
11/11/2020;0
12/11/2020;0.06
13/11/2020;0.07
14/11/2020;0.06
15/11/2020;0.06
16/11/2020;0.07
17/11/2020;0.06
18/11/2020;0.08
19/11/2020;0.07
20/11/2020;0.07
21/11/2020;0.06
22/11/2020;0.06
23/11/2020;0.06
24/11/2020;0.07
25/11/2020;0.06
26/11/2020;0.09
27/11/2020;0.09
28/11/2020;0.07
29/11/2020;0.08
30/11/2020;0.11
01/12/2020;0.12
02/12/2020;0.12
03/12/2020;0.12
04/12/2020;0.2
05/12/2020;0.19
06/12/2020;0.23
07/12/2020;0.25
08/12/2020;0.32
09/12/2020;0.35
10/12/2020;0.58
11/12/2020;0.61
12/12/2020;0.82
13/12/2020;0.77
14/12/2020;0.71
15/12/2020;0.65
16/12/2020;0.61
17/12/2020;0.59
18/12/2020;0.58
19/12/2020;0.58
20/12/2020;0.56
21/12/2020;0.56
22/12/2020;0.54
23/12/2020;0.53
24/12/2020;0.52
25/12/2020;1.29
26/12/2020;1.37
27/12/2020;1.31
28/12/2020;1.18
29/12/2020;1.15
30/12/2020;1.31
31/12/2020;1.26
01/01/2021;1.19
02/01/2021;1.16
03/01/2021;1.14
04/01/2021;1.09
05/01/2021;1.05
06/01/2021;1.03
07/01/2021;1.01
08/01/2021;1
09/01/2021;1.12
10/01/2021;1.14
11/01/2021;1.15
12/01/2021;1.1
13/01/2021;1.08
14/01/2021;1.12
15/01/2021;1.32
16/01/2021;1.28
17/01/2021;1.34
18/01/2021;1.32
19/01/2021;1.26
20/01/2021;1.29
21/01/2021;1.28
22/01/2021;1.53
23/01/2021;1.57
24/01/2021;1.63
25/01/2021;1.61
26/01/2021;1.59
27/01/2021;1.56
28/01/2021;1.52
29/01/2021;1.49
30/01/2021;1.48
31/01/2021;1.73
01/02/2021;1.85
02/02/2021;1.87
03/02/2021;1.85
04/02/2021;1.77
05/02/2021;1.75
06/02/2021;1.72
07/02/2021;1.7
08/02/2021;1.73
09/02/2021;1.72
10/02/2021;1.74
11/02/2021;1.72
12/02/2021;1.88
13/02/2021;1.85
14/02/2021;1.78
15/02/2021;1.78
16/02/2021;NA
17/02/2021;NA
18/02/2021;1.69
19/02/2021;1.68
20/02/2021;1.68
21/02/2021;1.62
22/02/2021;1.82
23/02/2021;1.83
24/02/2021;1.75
25/02/2021;1.72
26/02/2021;1.7
27/02/2021;1.69
28/02/2021;1.68
01/03/2021;1.67
02/03/2021;1.65
03/03/2021;1.66
04/03/2021;1.64
05/03/2021;1.61
06/03/2021;1.63
07/03/2021;1.61
08/03/2021;1.59
09/03/2021;1.6
10/03/2021;1.58
11/03/2021;1.58
12/03/2021;1.57
13/03/2021;1.56
14/03/2021;1.68
15/03/2021;1.67
16/03/2021;1.64
17/03/2021;1.67
18/03/2021;1.72
19/03/2021;1.92
20/03/2021;1.89
21/03/2021;1.81
22/03/2021;1.81
23/03/2021;1.8
24/03/2021;1.78
25/03/2021;1.77
26/03/2021;1.72
27/03/2021;1.68
28/03/2021;1.71
29/03/2021;1.66
30/03/2021;1.62
31/03/2021;1.59
01/04/2021;1.56
02/04/2021;1.54
03/04/2021;1.53
04/04/2021;1.48
05/04/2021;1.45
06/04/2021;1.4
07/04/2021;1.39
08/04/2021;1.36
09/04/2021;1.3
10/04/2021;1.29
11/04/2021;1.36
12/04/2021;1.35
13/04/2021;1.3
14/04/2021;1.29
15/04/2021;1.27
16/04/2021;1.28
17/04/2021;1.28
18/04/2021;1.28
19/04/2021;1.26
20/04/2021;1.26
21/04/2021;1.32
22/04/2021;1.34
23/04/2021;1.34
24/04/2021;1.29
25/04/2021;1.26
26/04/2021;1.3
27/04/2021;1.29
28/04/2021;1.27
29/04/2021;1.31
30/04/2021;1.42
01/05/2021;1.55
02/05/2021;1.49
03/05/2021;1.46
04/05/2021;1.36
05/05/2021;1.32
06/05/2021;1.27
07/05/2021;1.21
08/05/2021;1.11
09/05/2021;1.01
10/05/2021;0.97
11/05/2021;0.91
12/05/2021;0.93
13/05/2021;0.9
14/05/2021;0.9
15/05/2021;0.86
16/05/2021;0.78
17/05/2021;0.7
18/05/2021;0.62
19/05/2021;0.54
20/05/2021;0.46
21/05/2021;0.38
22/05/2021;0.3
23/05/2021;0.2
24/05/2021;0.19
25/05/2021;0.15
26/05/2021;0.05
27/05/2021;0.05
28/05/2021;0
29/05/2021;0
30/05/2021;0
31/05/2021;0
01/06/2021;0
02/06/2021;0
03/06/2021;0
04/06/2021;0
05/06/2021;0.08
06/06/2021;0
07/06/2021;0.05
08/06/2021;0
09/06/2021;0.05
10/06/2021;0
11/06/2021;0.05
12/06/2021;0
13/06/2021;0
14/06/2021;0
15/06/2021;0
16/06/2021;0
17/06/2021;0.05
18/06/2021;0
19/06/2021;0
20/06/2021;0.05
21/06/2021;0.07
22/06/2021;0.06
23/06/2021;0.08
24/06/2021;0.06
25/06/2021;0.05
26/06/2021;0
27/06/2021;0.05
28/06/2021;0
29/06/2021;0
30/06/2021;0.05
01/07/2021;0
02/07/2021;0
03/07/2021;0
04/07/2021;0
05/07/2021;0
06/07/2021;0.14
07/07/2021;0.09
08/07/2021;0.06
09/07/2021;0
10/07/2021;0
11/07/2021;0
12/07/2021;0.05
13/07/2021;0.16
14/07/2021;0.09
15/07/2021;0
16/07/2021;0.07
17/07/2021;0
18/07/2021;0.05
19/07/2021;0.05
20/07/2021;0.07
21/07/2021;0
22/07/2021;0
23/07/2021;0
24/07/2021;0
25/07/2021;0
26/07/2021;0.05
27/07/2021;0.06
28/07/2021;0
29/07/2021;0
30/07/2021;0
31/07/2021;0.06
01/08/2021;0.07
02/08/2021;0.07
03/08/2021;0.07
04/08/2021;0.08
05/08/2021;0.05
06/08/2021;0
07/08/2021;0.05
08/08/2021;0
09/08/2021;0.06
10/08/2021;0.05
11/08/2021;0
12/08/2021;0
13/08/2021;0
14/08/2021;0
15/08/2021;0
16/08/2021;0.05
17/08/2021;0.05
18/08/2021;0.05
19/08/2021;0.06
20/08/2021;0.06
21/08/2021;0.06
22/08/2021;0
23/08/2021;0.05
24/08/2021;0.08
25/08/2021;0.09
26/08/2021;0.06
27/08/2021;0.05
28/08/2021;0.06
29/08/2021;0.06
30/08/2021;0
31/08/2021;0.07
01/09/2021;0
02/09/2021;0.05
03/09/2021;0.05
04/09/2021;0.05
05/09/2021;0
06/09/2021;0.05
07/09/2021;0
08/09/2021;0
09/09/2021;0.06
10/09/2021;0.06
11/09/2021;0.06
12/09/2021;0.05
13/09/2021;0.05
14/09/2021;0.06
15/09/2021;0.06
16/09/2021;0.06
17/09/2021;0.06
18/09/2021;0.07
19/09/2021;0.06
20/09/2021;0.06
21/09/2021;0.06
22/09/2021;0.07
23/09/2021;0.07
24/09/2021;0.07
25/09/2021;0.05
26/09/2021;0.05
27/09/2021;0
28/09/2021;0.06
29/09/2021;0.06
30/09/2021;0.06
01/10/2021;0.07
02/10/2021;0.06
03/10/2021;0.09
04/10/2021;0.11
05/10/2021;0.06
06/10/2021;0.06
07/10/2021;0.07
08/10/2021;0.07
09/10/2021;0.07
10/10/2021;0.06
11/10/2021;0.06
12/10/2021;0.05
13/10/2021;0
14/10/2021;0.05
15/10/2021;0.05
16/10/2021;0
17/10/2021;0.05
18/10/2021;0
19/10/2021;0
20/10/2021;0.05
21/10/2021;0
22/10/2021;0.06
23/10/2021;0.05
24/10/2021;0.05
25/10/2021;0
26/10/2021;0.05
27/10/2021;0.06
28/10/2021;0.06
29/10/2021;0.05
30/10/2021;0.05
31/10/2021;0.05
01/11/2021;0.05
02/11/2021;0.05
03/11/2021;0.09
04/11/2021;0.11
05/11/2021;0.12
06/11/2021;0.12
07/11/2021;0.11
08/11/2021;0.11
09/11/2021;0.12
10/11/2021;0.12
11/11/2021;0.14
12/11/2021;0.15
13/11/2021;0.14
14/11/2021;0.14
15/11/2021;0.22
16/11/2021;0.23
17/11/2021;0.21
18/11/2021;0.2
19/11/2021;0.2
20/11/2021;0.2
21/11/2021;0.21
22/11/2021;0.19
23/11/2021;0.31
24/11/2021;0.36
25/11/2021;0.35
26/11/2021;0.37
27/11/2021;0.46
28/11/2021;1.32
29/11/2021;0.96
30/11/2021;0.87
01/12/2021;0.77
02/12/2021;1.15
03/12/2021;1.28
04/12/2021;1.15
05/12/2021;1.61
06/12/2021;1.84
07/12/2021;1.7
08/12/2021;1.64
09/12/2021;2
10/12/2021;2.5
11/12/2021;2.83
12/12/2021;2.62
13/12/2021;2.42
14/12/2021;2.28
15/12/2021;2.08
16/12/2021;2.06
17/12/2021;2.02
18/12/2021;1.97
19/12/2021;1.93
20/12/2021;1.9
21/12/2021;1.86
22/12/2021;1.84
23/12/2021;1.78
24/12/2021;1.77
25/12/2021;1.75
26/12/2021;1.72
27/12/2021;1.72
28/12/2021;1.72
29/12/2021;1.64
30/12/2021;1.6
31/12/2021;1.58
01/01/2022;1.56
02/01/2022;1.55
03/01/2022;1.53
04/01/2022;1.53
05/01/2022;1.61
06/01/2022;1.6
07/01/2022;1.65
08/01/2022;1.83
09/01/2022;2.32
10/01/2022;2.33
11/01/2022;2.33
12/01/2022;2.26
13/01/2022;2.14
14/01/2022;2.1
15/01/2022;2.12
16/01/2022;2.07
17/01/2022;2.08
18/01/2022;2.05
19/01/2022;2.02
20/01/2022;2.03
21/01/2022;2.02
22/01/2022;1.99
23/01/2022;1.98
24/01/2022;1.97
25/01/2022;1.97
26/01/2022;1.97
27/01/2022;1.97
28/01/2022;1.96
29/01/2022;1.94
30/01/2022;1.93
31/01/2022;2.01
01/02/2022;1.85
02/02/2022;1.87
03/02/2022;1.87
04/02/2022;1.85
05/02/2022;1.83
06/02/2022;1.84
07/02/2022;1.84
08/02/2022;1.84
09/02/2022;1.84
10/02/2022;1.83
11/02/2022;1.83
12/02/2022;1.82
13/02/2022;1.81
14/02/2022;1.89
15/02/2022;2.03
16/02/2022;2.04
17/02/2022;2.02
18/02/2022;2.01
19/02/2022;1.96
20/02/2022;1.96
21/02/2022;2.01
22/02/2022;1.91
23/02/2022;1.91
24/02/2022;1.88
25/02/2022;1.88
26/02/2022;1.87
27/02/2022;1.85
28/02/2022;1.86
01/03/2022;1.85
02/03/2022;1.89
03/03/2022;1.91
04/03/2022;1.9
05/03/2022;1.9
06/03/2022;1.91
07/03/2022;1.9
08/03/2022;1.91
09/03/2022;1.93
10/03/2022;1.9
11/03/2022;1.9
12/03/2022;2
13/03/2022;2.04
14/03/2022;2.06
15/03/2022;2.06
16/03/2022;1.97
17/03/2022;2.02
18/03/2022;2.08
19/03/2022;2.04
20/03/2022;2.01
21/03/2022;2.04
22/03/2022;2.01
23/03/2022;2.03
24/03/2022;2.03
25/03/2022;2.02
26/03/2022;2.02
27/03/2022;2.02
28/03/2022;2
29/03/2022;2.04
30/03/2022;2.04
31/03/2022;1.99
01/04/2022;2.32
02/04/2022;2.48
03/04/2022;2.38
04/04/2022;2.34
05/04/2022;2.3
06/04/2022;2.25
07/04/2022;2.22
08/04/2022;2.2
09/04/2022;2.14
10/04/2022;2.17
11/04/2022;2.16
12/04/2022;2.11
13/04/2022;2.08
14/04/2022;2.06
15/04/2022;1.98
16/04/2022;1.96
17/04/2022;1.9
18/04/2022;1.84
19/04/2022;1.86
20/04/2022;1.93
21/04/2022;1.83
22/04/2022;1.85
23/04/2022;1.91
24/04/2022;2.03
25/04/2022;1.97
26/04/2022;1.88
27/04/2022;1.86
28/04/2022;1.81
29/04/2022;1.75
30/04/2022;1.68
01/05/2022;1.62
02/05/2022;1.55
03/05/2022;1.54
04/05/2022;1.5
05/05/2022;1.47
06/05/2022;1.47
07/05/2022;1.47
08/05/2022;1.46
09/05/2022;1.43
10/05/2022;1.39
11/05/2022;1.31
12/05/2022;1.24
13/05/2022;1.16
14/05/2022;1.09
15/05/2022;1
16/05/2022;0.88
17/05/2022;0.77
18/05/2022;0.68
19/05/2022;0.56
20/05/2022;0.45
21/05/2022;0.34
22/05/2022;0.24
23/05/2022;0.12
24/05/2022;0.14
25/05/2022;0.15
26/05/2022;0.07
27/05/2022;0.07
28/05/2022;0.06
29/05/2022;0.06
30/05/2022;0.07
31/05/2022;0.07
01/06/2022;0.06
02/06/2022;0.06
03/06/2022;0.07
04/06/2022;0.06
05/06/2022;0.06
06/06/2022;0.05
07/06/2022;0.07
08/06/2022;0.06
09/06/2022;0.07
10/06/2022;0.06
11/06/2022;0.05
12/06/2022;0
13/06/2022;0.07
14/06/2022;0.06
15/06/2022;0.06
16/06/2022;0.05
17/06/2022;0
18/06/2022;0
19/06/2022;0.08
20/06/2022;0.07
21/06/2022;0.07
22/06/2022;0.11
23/06/2022;0.08
24/06/2022;0.07
25/06/2022;0.12
26/06/2022;0.12
27/06/2022;0.1
28/06/2022;0.08
29/06/2022;0.05
30/06/2022;0.05
01/07/2022;0.06
02/07/2022;0.05
03/07/2022;0.06
04/07/2022;0.05
05/07/2022;0.06
06/07/2022;0.12
07/07/2022;0.12
08/07/2022;0.09
09/07/2022;0.06
10/07/2022;0.05
11/07/2022;0.05
12/07/2022;0
13/07/2022;0.05
14/07/2022;0.06
15/07/2022;0
16/07/2022;0.05
17/07/2022;0.05
18/07/2022;0
19/07/2022;0
20/07/2022;0.05
21/07/2022;0.07
22/07/2022;0
23/07/2022;0
24/07/2022;0
25/07/2022;0
26/07/2022;0
27/07/2022;0.05
28/07/2022;0.05
29/07/2022;0.06
30/07/2022;0.05
31/07/2022;0.05
01/08/2022;0
02/08/2022;0.05
03/08/2022;0.06
04/08/2022;0.06
05/08/2022;0.06
06/08/2022;0.06
07/08/2022;0.06
08/08/2022;0.06
09/08/2022;0
10/08/2022;0.08
11/08/2022;0.06
12/08/2022;0.05
13/08/2022;0.06
14/08/2022;0.06
15/08/2022;0.05
16/08/2022;0.05
17/08/2022;0
18/08/2022;0.09
19/08/2022;0.07
20/08/2022;0.05
21/08/2022;0.05
22/08/2022;0
23/08/2022;0
24/08/2022;0.07
25/08/2022;0.07
26/08/2022;0.07
27/08/2022;0.07
28/08/2022;0.06
29/08/2022;0.06
30/08/2022;0.05
31/08/2022;0.06
01/09/2022;0
02/09/2022;0.05
03/09/2022;0
04/09/2022;0.05
05/09/2022;0.07
06/09/2022;0
07/09/2022;0.05
08/09/2022;0.06
09/09/2022;0.05
10/09/2022;0.06
11/09/2022;0
12/09/2022;0
13/09/2022;0.05
14/09/2022;0.05
15/09/2022;0
16/09/2022;0.05
17/09/2022;0.05
18/09/2022;0.05
19/09/2022;0.05
20/09/2022;0.06
21/09/2022;0.05
22/09/2022;0.05
23/09/2022;0
24/09/2022;0.06
25/09/2022;0.07
26/09/2022;0.07
27/09/2022;0.06
28/09/2022;0.07
29/09/2022;0.06
30/09/2022;1.35
01/10/2022;0.06
02/10/2022;0.07
03/10/2022;0.05
04/10/2022;0.05
05/10/2022;0
06/10/2022;0.06
07/10/2022;0.06
08/10/2022;0.07
09/10/2022;0.06
10/10/2022;0.07
11/10/2022;0.05
12/10/2022;0.06
13/10/2022;0.07
14/10/2022;0.05
15/10/2022;0
16/10/2022;0
17/10/2022;0.07
18/10/2022;0.06
19/10/2022;0.05
20/10/2022;0.08
21/10/2022;0
22/10/2022;0.05
23/10/2022;0.06
24/10/2022;0.07
25/10/2022;0
26/10/2022;0.05
27/10/2022;0.06
28/10/2022;0.05
29/10/2022;0.06
30/10/2022;0.05
31/10/2022;0.06
01/11/2022;0.07
02/11/2022;0.06
03/11/2022;0.06
04/11/2022;0.16
05/11/2022;0.14
06/11/2022;0.13
07/11/2022;0.13
08/11/2022;0.12
09/11/2022;0.1
10/11/2022;0.06
11/11/2022;0.06
12/11/2022;0.06
13/11/2022;0.06
14/11/2022;0.05
15/11/2022;0.06
16/11/2022;0.06
17/11/2022;0.06
18/11/2022;0
19/11/2022;0
20/11/2022;0
21/11/2022;0.17
22/11/2022;0.37
23/11/2022;0.36
24/11/2022;0.23
25/11/2022;0.22
26/11/2022;0.21
27/11/2022;0.2
28/11/2022;0.28
29/11/2022;0.39
30/11/2022;0.37
01/12/2022;0.35
02/12/2022;0.34
03/12/2022;0.41
04/12/2022;0.46
05/12/2022;0.41
06/12/2022;0.39
07/12/2022;0.37
08/12/2022;0.42
09/12/2022;0.44
10/12/2022;0.44
11/12/2022;0.43
12/12/2022;0.53
13/12/2022;0.51
14/12/2022;0.49
15/12/2022;0.49
16/12/2022;0.48
17/12/2022;0.5
18/12/2022;0.49
19/12/2022;0.49
20/12/2022;0.48
21/12/2022;0.48
22/12/2022;0.47
23/12/2022;0.44
24/12/2022;0.44
25/12/2022;0.44
26/12/2022;0.44
27/12/2022;0.42
28/12/2022;0.42
29/12/2022;0.42
30/12/2022;0.43
31/12/2022;0.42
01/01/2023;0.42
02/01/2023;0.44
03/01/2023;0.49
04/01/2023;0.5
05/01/2023;0.49
06/01/2023;0.49
07/01/2023;0.49
08/01/2023;0.49
09/01/2023;0.54
10/01/2023;0.56
11/01/2023;0.55
12/01/2023;0.54
13/01/2023;0.54
14/01/2023;0.53
15/01/2023;0.52
16/01/2023;0.64
17/01/2023;0.73
18/01/2023;0.81
19/01/2023;0.95
20/01/2023;1.58
21/01/2023;1.73
22/01/2023;1.75
23/01/2023;1.54
24/01/2023;1.48
25/01/2023;1.42
26/01/2023;1.37
27/01/2023;1.31
28/01/2023;1.34
29/01/2023;1.25
30/01/2023;1.25
31/01/2023;1.22
01/02/2023;1.21
02/02/2023;1.2
03/02/2023;1.19
04/02/2023;1.17
05/02/2023;1.16
06/02/2023;1.16
07/02/2023;1.18
08/02/2023;1.14
09/02/2023;1.13
10/02/2023;1.13
11/02/2023;1.11
12/02/2023;1.11
13/02/2023;1.1
14/02/2023;1.1
15/02/2023;1.1
16/02/2023;1.09
17/02/2023;1.08
18/02/2023;1.08
19/02/2023;1.08
20/02/2023;1.07
21/02/2023;1.07
22/02/2023;1.16
23/02/2023;1.41
24/02/2023;1.45
25/02/2023;1.35
26/02/2023;1.46
27/02/2023;1.68
28/02/2023;1.65
01/03/2023;1.57
02/03/2023;1.52
03/03/2023;1.49
04/03/2023;1.47
05/03/2023;1.45
06/03/2023;1.42
07/03/2023;1.41
08/03/2023;1.39
09/03/2023;1.37
10/03/2023;1.35
11/03/2023;1.3
12/03/2023;1.22
13/03/2023;1.2
14/03/2023;1.18
15/03/2023;1.17
16/03/2023;1.15
17/03/2023;1.11
18/03/2023;1.11
19/03/2023;1.11
20/03/2023;1.11
21/03/2023;1.09
22/03/2023;1.08
23/03/2023;1.04
24/03/2023;1
25/03/2023;0.97
26/03/2023;0.96
27/03/2023;0.98
28/03/2023;0.92
29/03/2023;0.89
30/03/2023;0.84
31/03/2023;0.79
01/04/2023;0.9
02/04/2023;1
03/04/2023;0.92
04/04/2023;0.91
05/04/2023;0.9
06/04/2023;0.88
07/04/2023;0.83
08/04/2023;0.81
09/04/2023;0.79
10/04/2023;0.74
11/04/2023;0.72
12/04/2023;0.65
13/04/2023;0.75
14/04/2023;0.75
15/04/2023;0.73
16/04/2023;0.72
17/04/2023;0.69
18/04/2023;0.68
19/04/2023;0.65
20/04/2023;0.64
21/04/2023;0.56
22/04/2023;0.54
23/04/2023;0.53
24/04/2023;0.51
25/04/2023;0.45
26/04/2023;0.4
27/04/2023;0.35
28/04/2023;0.27
29/04/2023;0.16
30/04/2023;0.08
01/05/2023;0
02/05/2023;0
03/05/2023;0
04/05/2023;0
05/05/2023;0
06/05/2023;0
07/05/2023;0
08/05/2023;0
09/05/2023;0
10/05/2023;0
11/05/2023;0
12/05/2023;0
13/05/2023;0.08
14/05/2023;0.08
15/05/2023;0.09
16/05/2023;0.06
17/05/2023;0.06
18/05/2023;0
19/05/2023;0
20/05/2023;0.05
21/05/2023;0
22/05/2023;0
23/05/2023;0
24/05/2023;0
25/05/2023;0
26/05/2023;0
27/05/2023;0
28/05/2023;0
29/05/2023;0
30/05/2023;0
31/05/2023;0
01/06/2023;0
02/06/2023;0
03/06/2023;0
04/06/2023;0
05/06/2023;0
06/06/2023;0
07/06/2023;0
08/06/2023;0
09/06/2023;0
10/06/2023;0
11/06/2023;0
12/06/2023;0
13/06/2023;0
14/06/2023;0
15/06/2023;0.05
16/06/2023;0
17/06/2023;0
18/06/2023;0
19/06/2023;0
20/06/2023;0
21/06/2023;0.05
22/06/2023;0
23/06/2023;0
24/06/2023;0
25/06/2023;0
26/06/2023;0
27/06/2023;0
28/06/2023;0
29/06/2023;0.09
30/06/2023;0
01/07/2023;0
02/07/2023;0
03/07/2023;0
04/07/2023;0
05/07/2023;0
06/07/2023;0
07/07/2023;0
08/07/2023;0
09/07/2023;0
10/07/2023;0
11/07/2023;0
12/07/2023;0
13/07/2023;0
14/07/2023;0
15/07/2023;0
16/07/2023;0
17/07/2023;0
18/07/2023;0
19/07/2023;0
20/07/2023;0
21/07/2023;0
22/07/2023;0
23/07/2023;0
24/07/2023;0
25/07/2023;0.07
26/07/2023;0
27/07/2023;0
28/07/2023;0.05
29/07/2023;0
30/07/2023;0
31/07/2023;0
01/08/2023;0
02/08/2023;0
03/08/2023;0
04/08/2023;0.06
05/08/2023;0
06/08/2023;0
07/08/2023;0
08/08/2023;0
09/08/2023;0.05
10/08/2023;0
11/08/2023;0
12/08/2023;0
13/08/2023;0
14/08/2023;0
15/08/2023;0
16/08/2023;0
17/08/2023;0
18/08/2023;0
19/08/2023;0
20/08/2023;0
21/08/2023;0
22/08/2023;0
23/08/2023;0
24/08/2023;0
25/08/2023;0
26/08/2023;0
27/08/2023;0
28/08/2023;0
29/08/2023;0
30/08/2023;0
31/08/2023;0.5
01/09/2023;0
02/09/2023;0
03/09/2023;0
04/09/2023;0
05/09/2023;0
06/09/2023;0
07/09/2023;0
08/09/2023;0
09/09/2023;0
10/09/2023;0
11/09/2023;0
12/09/2023;0
13/09/2023;0
14/09/2023;0
15/09/2023;0
16/09/2023;0
17/09/2023;0
18/09/2023;0
19/09/2023;0
20/09/2023;0
21/09/2023;0
22/09/2023;0
23/09/2023;0
24/09/2023;0
25/09/2023;0
26/09/2023;0
27/09/2023;0
28/09/2023;0
29/09/2023;0
30/09/2023;0
01/10/2023;0
02/10/2023;0
03/10/2023;0
04/10/2023;0
05/10/2023;0
06/10/2023;0
07/10/2023;0
08/10/2023;0
09/10/2023;0
10/10/2023;0
11/10/2023;0
12/10/2023;0
13/10/2023;0
14/10/2023;0
15/10/2023;0
16/10/2023;0
17/10/2023;0
18/10/2023;0
19/10/2023;0
20/10/2023;0
21/10/2023;0
22/10/2023;0
23/10/2023;0
24/10/2023;0
25/10/2023;0
26/10/2023;0
27/10/2023;0
28/10/2023;0
29/10/2023;0
30/10/2023;0
31/10/2023;0
01/11/2023;0
02/11/2023;0.05
03/11/2023;0.07
04/11/2023;0.07
05/11/2023;0
06/11/2023;0
07/11/2023;0
08/11/2023;0
09/11/2023;0.05
10/11/2023;0.07
11/11/2023;0.08
12/11/2023;0
13/11/2023;0
14/11/2023;0
15/11/2023;0
16/11/2023;0
17/11/2023;0
18/11/2023;0
19/11/2023;0
20/11/2023;0
21/11/2023;0.17
22/11/2023;0.3
23/11/2023;0.3
24/11/2023;0.28
25/11/2023;0.24
26/11/2023;0.24
27/11/2023;0.26
28/11/2023;0.26
29/11/2023;0.26
30/11/2023;0.22
01/12/2023;0.17
02/12/2023;0.17
03/12/2023;0.17
04/12/2023;0.2
05/12/2023;0.2
06/12/2023;0.19
07/12/2023;0.19
08/12/2023;0.22
09/12/2023;0.23
10/12/2023;0.18
11/12/2023;0.18
12/12/2023;0.19
13/12/2023;0.36
14/12/2023;0.48
15/12/2023;0.52
16/12/2023;0.49
17/12/2023;0.46
18/12/2023;0.44
19/12/2023;0.42
20/12/2023;0.42
21/12/2023;0.4
22/12/2023;0.39
23/12/2023;0.38
24/12/2023;0.37
25/12/2023;0.37
26/12/2023;0.36
27/12/2023;0.36
28/12/2023;0.36
29/12/2023;0.35
30/12/2023;0.35
31/12/2023;0.35
01/01/2024;0.34
02/01/2024;0.35
03/01/2024;0.35
04/01/2024;0.35
05/01/2024;0.62
06/01/2024;0.62
07/01/2024;0.79
08/01/2024;0.62
09/01/2024;0.63
10/01/2024;0.6
11/01/2024;0.63
12/01/2024;0.6
13/01/2024;0.62
14/01/2024;0.62
15/01/2024;0.59
16/01/2024;0.6
17/01/2024;0.6
18/01/2024;0.56
19/01/2024;0.54
20/01/2024;0.54
21/01/2024;0.53
22/01/2024;0.54
23/01/2024;0.54
24/01/2024;0.55
25/01/2024;0.55
26/01/2024;0.54
27/01/2024;0.54
28/01/2024;0.54
29/01/2024;0.54
30/01/2024;0.54
31/01/2024;0.54
01/02/2024;0.54
02/02/2024;0.54
03/02/2024;0.54
04/02/2024;0.54
05/02/2024;0.53
06/02/2024;0.53
07/02/2024;0.54
08/02/2024;0.53
09/02/2024;0.55
10/02/2024;0.64
11/02/2024;0.72
12/02/2024;0.73
13/02/2024;0.72
14/02/2024;0.7
15/02/2024;0.7
16/02/2024;0.69
17/02/2024;0.69
18/02/2024;0.68
19/02/2024;0.67
20/02/2024;0.66
21/02/2024;0.67
22/02/2024;0.64
23/02/2024;0.65
24/02/2024;0.64
25/02/2024;0.72
26/02/2024;0.86
27/02/2024;1.48
28/02/2024;1.51
29/02/2024;1.39
01/03/2024;1.33
02/03/2024;1.28
03/03/2024;1.72
04/03/2024;1.65
05/03/2024;1.54
06/03/2024;1.53
07/03/2024;1.49
08/03/2024;1.51
09/03/2024;1.66
10/03/2024;1.61
11/03/2024;1.68
12/03/2024;1.61
13/03/2024;1.5
14/03/2024;1.52
15/03/2024;1.52
16/03/2024;1.49
17/03/2024;1.46
18/03/2024;1.41
19/03/2024;1.38
20/03/2024;1.33
21/03/2024;1.28
22/03/2024;1.25
23/03/2024;1.2
24/03/2024;1.18
25/03/2024;1.19
26/03/2024;1.26
27/03/2024;1.37
28/03/2024;1.42
29/03/2024;1.41
30/03/2024;1.33
31/03/2024;1.51
01/04/2024;1.5
02/04/2024;1.46
03/04/2024;1.43
04/04/2024;1.38
05/04/2024;1.35
06/04/2024;1.29
07/04/2024;1.22
08/04/2024;1.14
09/04/2024;1.04
10/04/2024;1.03
11/04/2024;1.04
12/04/2024;1
13/04/2024;0.94
14/04/2024;0.9
15/04/2024;0.85
16/04/2024;0.81
17/04/2024;0.76
18/04/2024;0.84
19/04/2024;0.81
20/04/2024;0.77
21/04/2024;0.73
22/04/2024;0.81
23/04/2024;0.93
24/04/2024;0.96
25/04/2024;0.94
26/04/2024;0.96
27/04/2024;1.05
28/04/2024;1.06
29/04/2024;1.23
30/04/2024;1.21
01/05/2024;1.11
02/05/2024;1.1
03/05/2024;1.02
04/05/2024;1
05/05/2024;0.93
06/05/2024;0.89
07/05/2024;0.96
08/05/2024;0.96
09/05/2024;0.84
10/05/2024;0.8
11/05/2024;0.75
12/05/2024;0.66
13/05/2024;0.59
14/05/2024;0.54
15/05/2024;0.5
16/05/2024;0.51
17/05/2024;0.53
18/05/2024;0.59
19/05/2024;0.52
20/05/2024;0.47
21/05/2024;0.45
22/05/2024;0.43
23/05/2024;0.39
24/05/2024;0.38
25/05/2024;0.36
26/05/2024;0.3
27/05/2024;0.14
28/05/2024;0.09
29/05/2024;0
30/05/2024;0
31/05/2024;0
01/06/2024;0
02/06/2024;0
03/06/2024;0
04/06/2024;0
05/06/2024;0
06/06/2024;0
07/06/2024;0
08/06/2024;0
09/06/2024;0
10/06/2024;0
11/06/2024;0
12/06/2024;0
13/06/2024;0
14/06/2024;0
15/06/2024;0
16/06/2024;0
17/06/2024;0
18/06/2024;0
19/06/2024;0
20/06/2024;0
21/06/2024;0
22/06/2024;0.05
23/06/2024;0
24/06/2024;0
25/06/2024;0
26/06/2024;0
27/06/2024;0
28/06/2024;0
29/06/2024;0
30/06/2024;0.07
01/07/2024;0.07
02/07/2024;0.07
03/07/2024;0.08
04/07/2024;0
05/07/2024;0
06/07/2024;0.05
07/07/2024;0.06
08/07/2024;0.07
09/07/2024;0
10/07/2024;0
11/07/2024;0
12/07/2024;0
13/07/2024;0.07
14/07/2024;0
15/07/2024;0
16/07/2024;0.05
17/07/2024;0
18/07/2024;0
19/07/2024;0
20/07/2024;0
21/07/2024;0
22/07/2024;0
23/07/2024;0
24/07/2024;0
25/07/2024;0
26/07/2024;0
27/07/2024;0
28/07/2024;0
29/07/2024;0
30/07/2024;0
31/07/2024;0
01/08/2024;0
02/08/2024;0
03/08/2024;0
04/08/2024;0
05/08/2024;0
06/08/2024;0
07/08/2024;0
08/08/2024;0
09/08/2024;0
10/08/2024;0
11/08/2024;0
12/08/2024;0
13/08/2024;0
14/08/2024;0.05
15/08/2024;0
16/08/2024;0
17/08/2024;0
18/08/2024;0
19/08/2024;0
20/08/2024;0
21/08/2024;0
22/08/2024;0
23/08/2024;0
24/08/2024;0
25/08/2024;0
26/08/2024;0
27/08/2024;0
28/08/2024;0
29/08/2024;0
30/08/2024;0
31/08/2024;0
01/09/2024;0
02/09/2024;0
03/09/2024;0
04/09/2024;0
05/09/2024;0
06/09/2024;0
07/09/2024;0
08/09/2024;0
09/09/2024;0
10/09/2024;0
11/09/2024;0
12/09/2024;0
13/09/2024;0
14/09/2024;0
15/09/2024;0
16/09/2024;0
17/09/2024;0
18/09/2024;0
19/09/2024;0
20/09/2024;0
21/09/2024;0
22/09/2024;0
23/09/2024;0
24/09/2024;0
25/09/2024;0
26/09/2024;0
27/09/2024;0
28/09/2024;0
29/09/2024;0
30/09/2024;0
01/10/2024;0
02/10/2024;0
03/10/2024;0
04/10/2024;0
05/10/2024;0
06/10/2024;0
07/10/2024;0
08/10/2024;0
09/10/2024;0
10/10/2024;0
11/10/2024;0
12/10/2024;0
13/10/2024;0
14/10/2024;0
15/10/2024;0
16/10/2024;0
17/10/2024;0
18/10/2024;0.05
19/10/2024;0
20/10/2024;0
21/10/2024;0
22/10/2024;0
23/10/2024;0
24/10/2024;0
25/10/2024;0
26/10/2024;0
27/10/2024;0
28/10/2024;0
29/10/2024;0
30/10/2024;0
31/10/2024;0
01/11/2024;0
02/11/2024;0
03/11/2024;0
04/11/2024;0
05/11/2024;0
06/11/2024;0
07/11/2024;0
08/11/2024;0
09/11/2024;0
10/11/2024;0
11/11/2024;0
12/11/2024;0
13/11/2024;0
14/11/2024;0
15/11/2024;0
16/11/2024;0
17/11/2024;0
18/11/2024;0
19/11/2024;0
20/11/2024;0
21/11/2024;0.07
22/11/2024;0.09
23/11/2024;0.08
24/11/2024;0.08
25/11/2024;0.06
26/11/2024;0
27/11/2024;0
28/11/2024;0
29/11/2024;0
30/11/2024;0
01/12/2024;0
02/12/2024;0
03/12/2024;0
04/12/2024;0.05
05/12/2024;0
06/12/2024;0
07/12/2024;0.3
08/12/2024;0.6
09/12/2024;0.63
10/12/2024;0.56
11/12/2024;0.56
12/12/2024;0.53
13/12/2024;0.5
14/12/2024;0.49
15/12/2024;0.5
16/12/2024;0.47
17/12/2024;0.47
18/12/2024;0.44
19/12/2024;0.51
20/12/2024;0.64
21/12/2024;0.59
22/12/2024;0.82
23/12/2024;1.06
24/12/2024;1.23
25/12/2024;1.11
26/12/2024;1.01
27/12/2024;0.96
28/12/2024;0.93
29/12/2024;0.91
30/12/2024;0.9
31/12/2024;0.89
01/01/2025;0.89
02/01/2025;0.88
03/01/2025;0.87
